timestamp,product_id,unit_price,quantity,day_of_the_week,profit
2023-03-31 01:33:22,B032,41.34,4.0,Friday,165.36
2023-11-04 14:54:13,B005,29.76,3.0,Saturday,89.28
2023-03-04 10:34:50,B041,42.27,5.0,Saturday,211.35000000000002
2023-03-22 12:48:40,B089,37.13,2.0,Wednesday,74.26
2023-01-12 19:33:45,B005,13.48,1.0,Thursday,13.48
2023-02-28 19:09:41,B012,40.52,7.0,Tuesday,283.64000000000004
2023-03-22 01:47:47,B039,33.67,9.0,Wednesday,303.03000000000003
2023-07-25 17:37:41,B007,11.94,9.0,Tuesday,107.46
2023-11-08 17:38:21,B032,3.09,7.0,Wednesday,21.63
2023-05-30 20:13:02,B046,45.7,3.0,Tuesday,137.10000000000002
2023-10-30 21:46:15,B013,12.6,90.0,Monday,1134.0
2023-06-07 06:45:33,B100,41.47,1.0,Wednesday,41.47
2023-01-21 05:30:52,B001,41.28,9.0,Saturday,371.52
2023-11-18 18:02:29,B095,22.9,7.0,Saturday,160.29999999999998
2023-11-15 05:56:56,B003,14.23,6.0,Wednesday,85.38
2023-08-23 11:33:39,B007,13.83,7.0,Wednesday,96.81
2023-04-04 00:53:33,B027,24.92,9.0,Tuesday,224.28000000000003
2023-05-23 22:44:43,B048,14.63,6.0,Tuesday,87.78
2023-06-21 04:58:21,B093,27.91,6.0,Wednesday,167.46
2023-03-08 16:08:42,B037,18.9,9.0,Wednesday,170.1
2023-03-18 12:59:31,B009,36.63,10.0,Saturday,366.3
2023-09-06 08:58:05,B053,42.63,4.0,Wednesday,170.52
2023-10-23 02:24:27,B006,23.87,10.0,Monday,238.70000000000002
2023-06-09 13:03:56,B018,24.93,2.0,Friday,49.86
2023-01-28 06:13:25,B015,16.39,3.0,Saturday,49.17
2023-05-16 03:31:40,B057,14.12,8.0,Tuesday,112.96
2023-07-15 02:31:50,B074,4.61,9.0,Saturday,41.49
2023-07-31 15:10:37,B037,10.41,10.0,Monday,104.1
2023-07-05 21:05:41,B046,29.7,8.0,Wednesday,237.6
2023-07-09 14:34:38,B056,31.79,1.0,Sunday,31.79
2023-01-24 13:36:29,B007,14.41,6.0,Tuesday,86.46000000000001
2023-05-29 15:41:26,B002,15.1,10.0,Monday,151.0
2023-08-16 17:27:16,B028,16.18,7.0,Wednesday,113.25999999999999
2023-06-05 21:02:45,B093,19.27,20.0,Monday,385.4
2023-05-18 16:37:51,B061,19.54,5.0,Thursday,97.69999999999999
2023-06-15 11:44:19,B004,18.25,7.0,Thursday,127.75
2023-10-11 12:42:11,B087,31.46,8.0,Wednesday,251.68
2023-03-10 14:43:23,B004,40.8,3.0,Friday,122.39999999999999
2023-11-24 00:02:37,B011,12.51,5.0,Friday,62.55
2023-06-21 10:05:16,B055,41.98,10.0,Wednesday,419.79999999999995
2023-09-21 08:31:52,B027,4.34,5.0,Thursday,21.7
2023-12-19 17:15:21,B003,38.42,4.0,Tuesday,153.68
2023-06-02 18:38:16,B083,15.66,2.0,Friday,31.32
2023-12-13 06:42:09,B013,19.05,9.0,Wednesday,171.45000000000002
2023-03-22 12:23:05,B044,4.12,5.0,Wednesday,20.6
2023-12-22 14:56:32,B015,26.18,1.0,Friday,26.18
2023-12-11 09:54:23,B027,5.88,50.0,Monday,294.0
2023-10-23 13:33:07,B007,36.7,100.0,Monday,3670.0000000000005
2023-10-20 05:27:47,B071,30.79,3.0,Friday,92.37
2023-08-06 12:07:35,B009,42.93,4.0,Sunday,171.72
2023-10-31 05:20:37,B017,4.33,5.0,Tuesday,21.65
2023-10-13 08:03:28,B008,34.86,5.0,Friday,174.3
2023-04-13 01:06:35,B003,46.0,2.0,Thursday,92.0
2023-05-08 10:00:51,B088,18.0,100.0,Monday,1800.0
2023-01-07 03:40:51,B089,40.5,10.0,Saturday,405.0
2023-09-08 13:41:42,B062,33.89,8.0,Friday,271.12
2023-01-07 12:32:41,B017,42.62,6.0,Saturday,255.71999999999997
2023-05-03 11:23:59,B077,9.14,1.0,Wednesday,9.14
2023-08-12 01:09:46,B005,3.49,7.0,Saturday,24.43
2023-05-21 05:27:47,B001,18.11,6.0,Sunday,108.66
2023-09-23 21:48:31,B002,17.97,10.0,Saturday,179.7
2023-04-07 22:37:50,B021,2.04,4.0,Friday,8.16
2023-01-09 16:24:15,B060,4.38,20.0,Monday,87.6
2023-11-01 22:22:24,B010,39.94,6.0,Wednesday,239.64
2023-01-24 23:50:13,B095,32.4,5.0,Tuesday,162.0
2023-02-23 01:37:18,B003,29.61,4.0,Thursday,118.44
2023-04-20 10:05:02,B095,45.78,6.0,Thursday,274.68
2023-06-01 14:31:53,B006,2.7,5.0,Thursday,13.5
2023-12-03 06:32:44,B047,40.42,8.0,Sunday,323.36
2023-03-11 04:03:20,B054,21.42,9.0,Saturday,192.78000000000003
2023-03-28 11:42:52,B057,15.76,5.0,Tuesday,78.8
2023-10-14 15:20:45,B007,10.8,9.0,Saturday,97.2
2023-12-05 15:23:59,B001,13.62,8.0,Tuesday,108.96
2023-04-15 01:37:53,B067,12.52,3.0,Saturday,37.56
2023-11-25 02:40:00,B016,39.71,4.0,Saturday,158.84
2023-09-17 15:19:50,B003,28.38,5.0,Sunday,141.9
2023-04-09 17:12:37,B020,25.95,6.0,Sunday,155.7
2023-02-25 18:49:42,B039,23.85,2.0,Saturday,47.7
2023-11-30 19:50:22,B023,7.94,7.0,Thursday,55.580000000000005
2023-06-24 09:42:22,B066,26.55,10.0,Saturday,265.5
2023-03-17 12:12:42,B025,24.44,10.0,Friday,244.4
2023-02-23 00:19:13,B027,43.84,6.0,Thursday,263.04
2023-11-09 21:39:27,B080,22.94,8.0,Thursday,183.52
2023-02-09 23:02:21,B021,12.05,5.0,Thursday,60.25
2023-07-22 05:57:47,B079,17.17,4.0,Saturday,68.68
2023-04-27 05:57:40,B008,16.66,1.0,Thursday,16.66
2023-12-07 07:50:13,B051,34.81,7.0,Thursday,243.67000000000002
2023-10-16 10:17:38,B080,11.4,80.0,Monday,912.0
2023-03-30 21:55:23,B073,7.07,5.0,Thursday,35.35
2023-12-29 02:50:23,B061,14.36,10.0,Friday,143.6
2023-09-08 18:17:30,B037,6.67,10.0,Friday,66.7
2023-03-03 08:01:20,B067,24.51,2.0,Friday,49.02
2023-06-17 00:46:31,B084,15.87,7.0,Saturday,111.08999999999999
2023-03-28 00:42:52,B003,19.29,7.0,Tuesday,135.03
2023-06-14 12:32:13,B083,32.83,8.0,Wednesday,262.64
2023-11-17 19:10:30,B082,39.65,1.0,Friday,39.65
2023-08-06 03:33:15,B001,29.68,8.0,Sunday,237.44
2023-05-18 16:00:43,B088,17.68,8.0,Thursday,141.44
2023-10-31 07:44:03,B008,39.15,3.0,Tuesday,117.44999999999999
2023-06-30 09:48:40,B045,28.49,8.0,Friday,227.92
2023-06-04 13:21:57,B089,27.88,7.0,Sunday,195.16
2023-02-07 08:53:51,B017,37.22,4.0,Tuesday,148.88
2023-08-07 06:22:15,B064,9.46,100.0,Monday,946.0000000000001
2023-01-24 01:39:53,B095,22.03,10.0,Tuesday,220.3
2023-06-01 19:17:09,B065,34.0,6.0,Thursday,204.0
2023-04-25 22:31:22,B061,18.72,2.0,Tuesday,37.44
2023-04-30 22:23:00,B013,49.35,5.0,Sunday,246.75
2023-02-12 02:58:46,B066,12.41,8.0,Sunday,99.28
2023-12-01 07:52:40,B065,8.49,10.0,Friday,84.9
2023-10-08 21:15:36,B013,21.59,1.0,Sunday,21.59
2023-10-01 15:41:13,B005,48.88,5.0,Sunday,244.4
2023-08-31 11:01:11,B041,34.54,5.0,Thursday,172.7
2023-08-12 08:37:54,B030,27.37,8.0,Saturday,218.96
2023-02-14 11:12:58,B024,32.07,9.0,Tuesday,288.63
2023-08-20 04:59:25,B007,43.76,1.0,Sunday,43.76
2023-05-27 03:22:34,B025,39.22,9.0,Saturday,352.98
2023-08-03 13:12:36,B055,8.41,6.0,Thursday,50.46
2023-12-19 22:20:15,B002,39.93,1.0,Tuesday,39.93
2023-06-03 15:48:17,B029,5.34,10.0,Saturday,53.4
2023-07-26 07:41:36,B082,48.67,8.0,Wednesday,389.36
2023-07-15 13:20:17,B041,47.22,5.0,Saturday,236.1
2023-10-26 21:32:15,B056,14.34,10.0,Thursday,143.4
2023-03-16 14:49:54,B005,15.05,4.0,Thursday,60.2
2023-01-28 04:20:25,B064,42.83,4.0,Saturday,171.32
2023-08-30 19:30:49,B078,24.49,8.0,Wednesday,195.92
2023-01-21 15:18:47,B046,14.94,1.0,Saturday,14.94
2023-07-18 04:26:27,B005,42.36,2.0,Tuesday,84.72
2023-01-21 10:47:24,B009,3.98,8.0,Saturday,31.84
2023-09-02 13:11:51,B047,20.08,6.0,Saturday,120.47999999999999
2023-02-18 06:28:19,B001,15.04,5.0,Saturday,75.19999999999999
2023-01-06 10:06:21,B049,13.92,7.0,Friday,97.44
2023-02-02 19:36:27,B099,19.0,3.0,Thursday,57.0
2023-11-28 10:22:36,B004,21.84,2.0,Tuesday,43.68
2023-08-18 19:22:28,B003,29.23,1.0,Friday,29.23
2023-09-07 16:13:39,B085,20.62,8.0,Thursday,164.96
2023-11-04 23:44:05,B065,46.53,5.0,Saturday,232.65
2023-12-19 18:17:00,B008,11.44,2.0,Tuesday,22.88
2023-09-10 01:05:13,B024,10.71,6.0,Sunday,64.26
2023-08-24 13:54:40,B098,6.15,9.0,Thursday,55.35
2023-12-24 13:21:50,B008,35.84,5.0,Sunday,179.20000000000002
2023-12-28 14:26:20,B004,33.18,10.0,Thursday,331.8
2023-12-23 22:39:38,B005,26.89,6.0,Saturday,161.34
2023-03-23 06:14:19,B072,25.53,6.0,Thursday,153.18
2023-10-27 02:13:30,B004,42.81,8.0,Friday,342.48
2023-01-17 01:34:59,B003,41.14,6.0,Tuesday,246.84
2023-04-14 03:47:57,B054,8.39,3.0,Friday,25.17
2023-06-14 04:41:49,B028,33.95,3.0,Wednesday,101.85000000000001
2023-11-08 00:27:19,B033,24.07,8.0,Wednesday,192.56
2023-09-14 02:10:00,B033,15.04,7.0,Thursday,105.28
2023-11-21 19:53:13,B011,32.88,7.0,Tuesday,230.16000000000003
2023-04-11 11:48:15,B017,23.16,2.0,Tuesday,46.32
2023-06-06 08:29:34,B076,37.86,10.0,Tuesday,378.6
2023-12-10 19:34:38,B027,48.69,6.0,Sunday,292.14
2023-05-04 18:04:20,B048,12.72,7.0,Thursday,89.04
2023-11-27 22:57:03,B098,14.69,40.0,Monday,587.6
2023-09-23 15:52:40,B009,19.97,7.0,Saturday,139.79
2023-11-21 16:14:37,B005,7.08,6.0,Tuesday,42.480000000000004
2023-02-10 01:00:29,B009,38.98,2.0,Friday,77.96
2023-10-30 06:43:46,B092,6.9,50.0,Monday,345.0
2023-06-13 01:44:48,B003,41.19,1.0,Tuesday,41.19
2023-04-09 08:33:41,B021,40.77,7.0,Sunday,285.39000000000004
2023-10-17 18:09:12,B014,47.35,3.0,Tuesday,142.05
2023-02-07 20:23:28,B061,8.99,7.0,Tuesday,62.93
2023-02-07 04:08:53,B009,36.93,2.0,Tuesday,73.86
2023-05-25 14:58:06,B024,9.78,9.0,Thursday,88.02
2023-06-02 06:30:32,B092,43.95,2.0,Friday,87.9
2023-12-11 15:03:02,B001,28.03,30.0,Monday,840.9000000000001
2023-11-17 00:25:05,B089,49.35,5.0,Friday,246.75
2023-12-12 08:17:47,B072,44.33,6.0,Tuesday,265.98
2023-03-08 04:56:21,B009,31.04,1.0,Wednesday,31.04
2023-04-17 19:38:15,B030,18.56,80.0,Monday,1484.8
2023-11-21 17:29:41,B081,33.14,8.0,Tuesday,265.12
2023-06-22 15:57:25,B080,49.74,6.0,Thursday,298.44
2023-12-03 13:31:28,B009,39.65,1.0,Sunday,39.65
2023-03-18 15:11:11,B041,11.9,4.0,Saturday,47.6
2023-05-27 12:53:08,B076,38.48,10.0,Saturday,384.79999999999995
2023-01-26 12:39:10,B007,27.22,5.0,Thursday,136.1
2023-01-16 11:18:01,B008,49.12,80.0,Monday,3929.6
2023-11-21 16:02:40,B070,32.28,4.0,Tuesday,129.12
2023-12-24 21:32:16,B005,31.08,2.0,Sunday,62.16
2023-11-25 22:44:52,B001,29.03,8.0,Saturday,232.24
2023-08-27 00:02:51,B003,8.61,5.0,Sunday,43.05
2023-12-11 16:49:43,B067,5.13,20.0,Monday,102.6
2023-01-10 13:41:20,B076,19.19,3.0,Tuesday,57.57000000000001
2023-05-23 12:53:01,B010,2.05,7.0,Tuesday,14.349999999999998
2023-03-23 00:51:37,B008,46.54,10.0,Thursday,465.4
2023-12-22 19:20:10,B072,42.64,8.0,Friday,341.12
2023-11-23 16:58:14,B002,1.72,3.0,Thursday,5.16
2023-09-03 10:07:35,B072,9.34,7.0,Sunday,65.38
2023-04-05 02:27:08,B003,4.5,4.0,Wednesday,18.0
2023-08-11 06:49:50,B003,34.5,10.0,Friday,345.0
2023-04-20 05:42:53,B006,46.93,6.0,Thursday,281.58
2023-09-04 16:33:37,B088,26.28,60.0,Monday,1576.8000000000002
2023-10-05 22:28:34,B092,34.68,7.0,Thursday,242.76
2023-04-30 02:22:36,B004,6.72,2.0,Sunday,13.44
2023-09-22 05:50:38,B024,43.36,6.0,Friday,260.15999999999997
2023-11-01 23:09:12,B008,47.31,10.0,Wednesday,473.1
2023-08-10 06:50:38,B016,19.53,1.0,Thursday,19.53
2023-05-28 01:45:37,B062,15.5,5.0,Sunday,77.5
2023-12-29 08:59:54,B014,11.56,9.0,Friday,104.04
2023-01-20 00:44:21,B006,13.35,6.0,Friday,80.1
2023-06-26 15:02:56,B056,3.26,50.0,Monday,163.0
2023-08-04 08:09:00,B068,25.63,5.0,Friday,128.15
2023-02-07 05:25:45,B010,34.57,6.0,Tuesday,207.42000000000002
2023-09-22 07:42:38,B011,22.55,10.0,Friday,225.5
2023-04-15 02:18:49,B059,17.94,5.0,Saturday,89.7
2023-03-10 03:08:31,B011,26.5,4.0,Friday,106.0
2023-07-03 19:51:09,B003,19.95,70.0,Monday,1396.5
2023-12-10 09:06:42,B022,10.5,5.0,Sunday,52.5
2023-06-27 05:19:20,B002,32.23,4.0,Tuesday,128.92
2023-01-16 22:00:11,B054,40.56,100.0,Monday,4056.0
2023-03-05 12:17:52,B005,14.29,4.0,Sunday,57.16
2023-01-02 04:42:40,B017,34.15,90.0,Monday,3073.5
2023-08-28 06:00:59,B089,36.28,100.0,Monday,3628.0
2023-12-11 11:58:55,B009,28.02,40.0,Monday,1120.8
2023-06-20 16:25:06,B073,31.95,4.0,Tuesday,127.8
2023-06-20 10:47:43,B019,33.43,6.0,Tuesday,200.57999999999998
2023-07-22 16:10:55,B027,16.45,7.0,Saturday,115.14999999999999
2023-12-14 05:51:18,B030,27.14,6.0,Thursday,162.84
2023-03-18 02:59:44,B064,8.1,2.0,Saturday,16.2
2023-10-30 04:25:09,B005,43.58,100.0,Monday,4358.0
2023-01-20 04:56:01,B031,47.7,10.0,Friday,477.0
2023-09-05 11:47:00,B001,24.39,3.0,Tuesday,73.17
2023-04-27 20:17:05,B098,35.33,8.0,Thursday,282.64
2023-03-19 23:45:23,B091,13.19,9.0,Sunday,118.71
2023-11-03 02:24:52,B039,11.68,9.0,Friday,105.12
2023-07-24 12:00:38,B076,21.59,100.0,Monday,2159.0
2023-10-05 12:03:13,B006,14.97,6.0,Thursday,89.82000000000001
2023-07-06 20:31:13,B041,45.93,8.0,Thursday,367.44
2023-12-28 20:05:55,B077,16.46,7.0,Thursday,115.22
2023-09-30 18:17:57,B006,16.65,3.0,Saturday,49.949999999999996
2023-08-24 17:41:37,B092,35.18,9.0,Thursday,316.62
2023-05-11 15:53:08,B002,29.5,8.0,Thursday,236.0
2023-03-09 03:07:02,B072,46.71,7.0,Thursday,326.97
2023-12-12 15:27:58,B043,16.43,6.0,Tuesday,98.58
2023-11-05 04:07:39,B042,18.19,9.0,Sunday,163.71
2023-05-22 07:34:08,B025,41.64,90.0,Monday,3747.6
2023-10-25 14:18:14,B036,39.38,1.0,Wednesday,39.38
2023-04-10 14:02:21,B007,42.94,40.0,Monday,1717.6
2023-07-03 04:25:52,B010,18.55,80.0,Monday,1484.0
2023-08-16 10:35:47,B010,37.74,4.0,Wednesday,150.96
2023-02-05 19:51:46,B044,19.55,8.0,Sunday,156.4
2023-06-16 17:57:46,B019,5.97,10.0,Friday,59.699999999999996
2023-04-29 05:29:59,B070,49.52,9.0,Saturday,445.68
2023-04-04 16:10:43,B001,22.85,7.0,Tuesday,159.95000000000002
2023-08-06 19:49:31,B007,1.05,7.0,Sunday,7.3500000000000005
2023-09-26 00:04:34,B090,9.05,2.0,Tuesday,18.1
2023-12-30 23:28:30,B062,17.16,2.0,Saturday,34.32
2023-03-17 22:58:03,B063,47.5,1.0,Friday,47.5
2023-11-25 01:49:17,B026,25.19,7.0,Saturday,176.33
2023-11-28 08:22:12,B004,39.74,7.0,Tuesday,278.18
2023-11-01 08:15:22,B001,31.5,1.0,Wednesday,31.5
2023-08-18 04:43:55,B002,19.95,5.0,Friday,99.75
2023-09-09 05:36:30,B086,10.89,4.0,Saturday,43.56
2023-03-09 11:01:27,B030,12.08,6.0,Thursday,72.48
2023-01-13 07:46:30,B027,16.8,4.0,Friday,67.2
2023-08-17 21:47:22,B005,43.32,5.0,Thursday,216.6
2023-05-20 13:27:45,B043,2.06,6.0,Saturday,12.36
2023-11-30 00:33:41,B037,9.14,10.0,Thursday,91.4
2023-04-07 03:43:44,B014,26.99,8.0,Friday,215.92
2023-06-24 10:16:43,B010,39.66,1.0,Saturday,39.66
2023-02-18 15:25:15,B007,26.92,6.0,Saturday,161.52
2023-07-01 04:33:12,B027,11.28,1.0,Saturday,11.28
2023-04-06 23:06:39,B009,48.8,9.0,Thursday,439.2
2023-09-04 22:51:11,B048,41.06,100.0,Monday,4106.0
2023-04-20 21:12:42,B043,22.23,5.0,Thursday,111.15
2023-02-27 06:07:31,B064,15.46,70.0,Monday,1082.2
2023-12-09 23:00:40,B004,45.45,8.0,Saturday,363.6
2023-05-29 22:28:47,B091,6.71,30.0,Monday,201.3
2023-09-04 20:18:58,B008,41.52,90.0,Monday,3736.8
2023-09-24 03:32:37,B007,19.42,1.0,Sunday,19.42
2023-07-05 09:17:33,B096,8.08,7.0,Wednesday,56.56
2023-01-17 09:39:34,B004,44.54,4.0,Tuesday,178.16
2023-02-16 18:57:34,B008,12.46,5.0,Thursday,62.300000000000004
2023-05-30 18:13:48,B090,11.91,5.0,Tuesday,59.55
2023-08-05 09:04:12,B050,36.17,4.0,Saturday,144.68
2023-09-21 10:16:32,B030,18.37,10.0,Thursday,183.70000000000002
2023-07-06 17:40:56,B056,41.7,2.0,Thursday,83.4
2023-06-07 18:24:29,B049,38.11,6.0,Wednesday,228.66
2023-02-25 02:16:53,B057,25.44,8.0,Saturday,203.52
2023-08-04 18:43:52,B002,9.43,1.0,Friday,9.43
2023-04-14 06:55:44,B057,33.89,1.0,Friday,33.89
2023-11-23 03:05:31,B086,29.87,7.0,Thursday,209.09
2023-05-29 15:18:54,B029,3.25,70.0,Monday,227.5
2023-12-25 20:42:40,B054,31.06,10.0,Monday,310.59999999999997
2023-05-15 17:15:25,B075,12.59,10.0,Monday,125.9
2023-10-26 11:37:05,B090,46.77,2.0,Thursday,93.54
2023-03-21 23:30:48,B065,10.95,7.0,Tuesday,76.64999999999999
2023-06-11 07:18:06,B010,39.66,5.0,Sunday,198.29999999999998
2023-10-14 17:32:26,B010,34.02,4.0,Saturday,136.08
2023-03-26 16:23:49,B084,20.85,4.0,Sunday,83.4
2023-02-01 09:58:51,B006,15.31,2.0,Wednesday,30.62
2023-11-11 14:16:31,B067,37.26,5.0,Saturday,186.29999999999998
2023-08-30 12:49:01,B044,19.89,9.0,Wednesday,179.01
2023-03-10 23:23:03,B032,37.06,3.0,Friday,111.18
2023-03-30 03:51:09,B065,49.96,3.0,Thursday,149.88
2023-10-17 09:53:07,B080,13.57,10.0,Tuesday,135.7
2023-11-29 08:57:10,B006,15.34,9.0,Wednesday,138.06
2023-05-30 09:44:18,B098,2.42,6.0,Tuesday,14.52
2023-10-13 08:10:06,B001,20.43,9.0,Friday,183.87
2023-12-14 19:27:30,B084,19.05,1.0,Thursday,19.05
2023-07-27 05:29:55,B053,29.53,3.0,Thursday,88.59
2023-06-17 13:45:07,B002,39.2,2.0,Saturday,78.4
2023-09-22 06:27:50,B057,49.84,8.0,Friday,398.72
2023-04-27 12:04:59,B043,18.95,6.0,Thursday,113.69999999999999
2023-07-31 08:55:44,B004,14.46,30.0,Monday,433.8
2023-12-12 11:01:31,B015,42.94,10.0,Tuesday,429.4
2023-09-25 21:59:38,B055,43.78,40.0,Monday,1751.2
2023-10-15 00:58:45,B086,13.72,3.0,Sunday,41.160000000000004
2023-12-07 19:17:00,B017,30.16,2.0,Thursday,60.32
2023-05-22 09:44:10,B093,34.53,80.0,Monday,2762.4
2023-05-17 19:33:47,B052,26.79,4.0,Wednesday,107.16
2023-07-23 23:18:59,B037,5.29,8.0,Sunday,42.32
2023-06-03 22:18:03,B046,38.73,1.0,Saturday,38.73
2023-10-22 00:40:18,B024,49.35,10.0,Sunday,493.5
2023-12-07 16:24:10,B089,7.39,3.0,Thursday,22.169999999999998
2023-05-21 00:44:26,B070,16.87,6.0,Sunday,101.22
2023-03-13 19:42:54,B072,17.54,30.0,Monday,526.1999999999999
2023-10-23 15:35:16,B066,27.93,30.0,Monday,837.9
2023-05-05 19:34:17,B094,6.45,7.0,Friday,45.15
2023-03-20 20:30:50,B092,16.32,100.0,Monday,1632.0
2023-08-01 07:38:35,B050,21.74,5.0,Tuesday,108.69999999999999
2023-01-30 23:55:45,B002,30.55,60.0,Monday,1833.0
2023-08-18 00:17:29,B064,4.9,5.0,Friday,24.5
2023-07-30 11:24:56,B074,38.92,7.0,Sunday,272.44
2023-05-03 06:24:45,B001,34.3,9.0,Wednesday,308.7
2023-07-31 21:35:28,B039,33.06,70.0,Monday,2314.2000000000003
2023-01-12 07:30:08,B010,8.27,4.0,Thursday,33.08
2023-12-26 16:00:14,B008,15.82,10.0,Tuesday,158.2
2023-02-05 13:49:55,B005,48.46,10.0,Sunday,484.6
2023-10-14 01:35:09,B005,4.01,7.0,Saturday,28.07
2023-05-29 04:59:32,B020,27.83,20.0,Monday,556.5999999999999
2023-01-03 19:22:53,B085,16.16,7.0,Tuesday,113.12
2023-08-30 02:19:19,B009,16.22,4.0,Wednesday,64.88
2023-10-06 21:34:35,B067,31.64,6.0,Friday,189.84
2023-09-30 01:49:32,B088,13.97,1.0,Saturday,13.97
2023-01-15 00:03:18,B081,4.16,6.0,Sunday,24.96
2023-08-05 08:24:20,B086,18.84,3.0,Saturday,56.519999999999996
2023-05-20 11:13:01,B003,34.05,4.0,Saturday,136.2
2023-02-01 08:51:46,B095,43.64,2.0,Wednesday,87.28
2023-11-09 08:08:50,B005,43.32,10.0,Thursday,433.2
2023-08-27 21:44:19,B099,1.12,7.0,Sunday,7.840000000000001
2023-03-29 10:11:04,B094,2.12,5.0,Wednesday,10.600000000000001
2023-12-08 20:20:03,B031,20.59,7.0,Friday,144.13
2023-01-22 18:32:04,B033,13.03,5.0,Sunday,65.14999999999999
2023-09-16 16:54:04,B088,19.38,2.0,Saturday,38.76
2023-11-22 01:12:41,B013,4.97,6.0,Wednesday,29.82
2023-04-17 13:09:16,B019,40.76,40.0,Monday,1630.3999999999999
2023-07-02 05:47:42,B036,30.37,2.0,Sunday,60.74
2023-06-28 21:24:52,B045,32.35,7.0,Wednesday,226.45000000000002
2023-07-20 05:32:11,B069,40.86,8.0,Thursday,326.88
2023-09-19 22:48:36,B071,5.62,9.0,Tuesday,50.58
2023-02-04 11:05:15,B094,6.31,1.0,Saturday,6.31
2023-09-09 16:45:11,B092,25.01,1.0,Saturday,25.01
2023-03-11 20:22:47,B004,38.58,1.0,Saturday,38.58
2023-07-06 18:46:38,B050,47.71,3.0,Thursday,143.13
2023-08-19 14:38:18,B071,11.3,2.0,Saturday,22.6
2023-03-17 09:22:01,B037,7.14,2.0,Friday,14.28
2023-09-04 17:46:06,B058,19.03,90.0,Monday,1712.7
2023-04-03 18:14:58,B007,47.97,80.0,Monday,3837.6
2023-03-24 07:23:29,B063,31.44,1.0,Friday,31.44
2023-03-29 18:56:49,B012,35.11,9.0,Wednesday,315.99
2023-10-11 10:36:51,B006,23.62,4.0,Wednesday,94.48
2023-02-05 04:47:00,B010,21.07,2.0,Sunday,42.14
2023-06-30 08:57:05,B027,35.44,8.0,Friday,283.52
2023-11-19 16:56:06,B042,40.98,8.0,Sunday,327.84
2023-01-08 11:51:51,B006,28.52,4.0,Sunday,114.08
2023-01-24 23:29:40,B088,10.81,1.0,Tuesday,10.81
2023-01-04 12:18:30,B017,10.61,9.0,Wednesday,95.49
2023-11-10 16:30:45,B050,45.36,5.0,Friday,226.8
2023-03-02 11:23:09,B039,7.59,5.0,Thursday,37.95
2023-03-16 02:01:00,B077,8.81,8.0,Thursday,70.48
2023-08-23 04:22:11,B005,33.61,1.0,Wednesday,33.61
2023-08-12 21:33:01,B053,43.13,3.0,Saturday,129.39000000000001
2023-07-19 16:36:39,B008,9.96,4.0,Wednesday,39.84
2023-03-06 12:31:09,B089,34.03,70.0,Monday,2382.1
2023-01-07 17:22:25,B044,26.24,1.0,Saturday,26.24
2023-08-29 23:58:06,B009,28.88,3.0,Tuesday,86.64
2023-07-12 15:36:01,B058,42.29,9.0,Wednesday,380.61
2023-10-31 03:50:06,B013,17.19,10.0,Tuesday,171.9
2023-07-16 13:20:25,B023,5.66,4.0,Sunday,22.64
2023-01-09 00:13:37,B096,38.41,30.0,Monday,1152.3
2023-06-17 17:35:58,B003,38.15,4.0,Saturday,152.6
2023-04-21 14:26:24,B066,25.48,2.0,Friday,50.96
2023-09-30 09:58:51,B024,42.22,10.0,Saturday,422.2
2023-12-27 11:36:27,B001,9.44,10.0,Wednesday,94.39999999999999
2023-07-19 13:55:59,B029,3.33,9.0,Wednesday,29.97
2023-04-29 08:17:31,B083,30.47,3.0,Saturday,91.41
2023-05-11 13:20:18,B069,29.21,8.0,Thursday,233.68
2023-11-13 20:38:30,B059,18.71,30.0,Monday,561.3000000000001
2023-03-29 08:47:55,B006,33.62,4.0,Wednesday,134.48
2023-05-20 23:18:12,B001,13.47,1.0,Saturday,13.47
2023-09-21 21:39:45,B025,43.88,1.0,Thursday,43.88
2023-10-12 17:11:28,B022,13.38,10.0,Thursday,133.8
2023-06-06 11:47:57,B004,18.95,3.0,Tuesday,56.849999999999994
2023-05-17 09:25:11,B007,16.96,7.0,Wednesday,118.72
2023-08-03 20:03:44,B001,40.46,8.0,Thursday,323.68
2023-05-23 22:38:17,B094,28.05,2.0,Tuesday,56.1
2023-01-19 09:12:30,B023,19.66,1.0,Thursday,19.66
2023-04-29 03:31:01,B085,6.67,5.0,Saturday,33.35
2023-11-29 14:37:54,B063,38.87,5.0,Wednesday,194.35
2023-04-11 23:10:16,B034,35.8,1.0,Tuesday,35.8
2023-11-14 18:18:16,B072,14.86,5.0,Tuesday,74.3
2023-11-08 22:31:41,B075,37.89,2.0,Wednesday,75.78
2023-08-15 04:52:01,B008,29.15,1.0,Tuesday,29.15
2023-01-08 23:17:26,B091,3.46,3.0,Sunday,10.379999999999999
2023-03-14 17:13:58,B006,42.5,1.0,Tuesday,42.5
2023-12-30 18:27:32,B004,34.59,1.0,Saturday,34.59
2023-03-09 14:25:01,B092,32.87,2.0,Thursday,65.74
2023-03-14 08:21:13,B043,31.3,2.0,Tuesday,62.6
2023-05-21 05:30:01,B006,2.02,7.0,Sunday,14.14
2023-07-07 11:23:48,B003,31.94,5.0,Friday,159.70000000000002
2023-05-05 11:40:55,B002,1.96,10.0,Friday,19.6
2023-03-23 19:57:20,B005,7.75,7.0,Thursday,54.25
2023-10-18 07:34:52,B095,33.06,5.0,Wednesday,165.3
2023-04-23 15:16:06,B083,15.61,7.0,Sunday,109.27
2023-10-09 12:41:33,B005,33.3,60.0,Monday,1997.9999999999998
2023-03-11 08:01:45,B059,15.53,8.0,Saturday,124.24
2023-01-20 22:40:49,B100,22.1,9.0,Friday,198.9
2023-04-05 04:36:14,B050,5.82,4.0,Wednesday,23.28
2023-01-08 23:20:53,B044,1.78,7.0,Sunday,12.46
2023-05-11 22:02:36,B031,42.74,4.0,Thursday,170.96
2023-01-22 20:28:08,B057,35.64,1.0,Sunday,35.64
2023-03-19 01:04:35,B029,38.91,10.0,Sunday,389.09999999999997
2023-05-24 20:49:11,B051,48.53,4.0,Wednesday,194.12
2023-06-23 05:56:26,B096,3.61,1.0,Friday,3.61
2023-01-19 02:26:17,B081,39.8,10.0,Thursday,398.0
2023-04-30 20:34:51,B093,43.21,3.0,Sunday,129.63
2023-02-28 09:49:22,B030,28.64,1.0,Tuesday,28.64
2023-01-03 08:25:49,B049,27.87,10.0,Tuesday,278.7
2023-05-12 04:01:41,B003,24.65,5.0,Friday,123.25
2023-09-06 04:20:41,B004,35.64,8.0,Wednesday,285.12
2023-10-13 23:04:32,B097,13.95,3.0,Friday,41.849999999999994
2023-10-06 14:01:25,B008,32.19,3.0,Friday,96.57
2023-08-29 16:16:41,B014,39.05,5.0,Tuesday,195.25
2023-04-25 09:18:14,B094,1.11,7.0,Tuesday,7.7700000000000005
2023-06-27 18:56:42,B079,41.77,8.0,Tuesday,334.16
2023-03-17 18:57:14,B044,43.29,10.0,Friday,432.9
2023-09-13 23:15:55,B001,2.57,2.0,Wednesday,5.14
2023-05-12 23:56:20,B004,44.85,1.0,Friday,44.85
2023-05-11 08:17:31,B052,36.84,5.0,Thursday,184.20000000000002
2023-05-25 18:47:12,B083,37.06,6.0,Thursday,222.36
2023-02-02 15:33:58,B008,11.98,4.0,Thursday,47.92
2023-11-26 21:09:59,B031,5.1,6.0,Sunday,30.599999999999998
2023-06-16 21:43:23,B009,1.85,7.0,Friday,12.950000000000001
2023-02-27 02:28:03,B079,13.46,30.0,Monday,403.8
2023-07-14 13:56:52,B060,16.6,4.0,Friday,66.4
2023-03-31 00:08:23,B005,7.69,4.0,Friday,30.76
2023-01-17 14:42:09,B034,8.24,5.0,Tuesday,41.2
2023-03-10 20:54:27,B023,27.96,4.0,Friday,111.84
2023-10-20 02:20:19,B038,18.67,6.0,Friday,112.02000000000001
2023-04-27 04:29:11,B064,43.33,6.0,Thursday,259.98
2023-07-12 20:36:23,B010,6.72,6.0,Wednesday,40.32
2023-10-26 03:31:38,B025,47.66,6.0,Thursday,285.96
2023-10-07 08:27:30,B085,38.07,6.0,Saturday,228.42000000000002
2023-11-03 22:27:42,B017,32.42,8.0,Friday,259.36
2023-12-07 18:25:23,B052,47.35,7.0,Thursday,331.45
2023-04-11 23:55:15,B009,39.13,4.0,Tuesday,156.52
2023-03-11 01:29:20,B088,41.79,2.0,Saturday,83.58
2023-11-11 03:43:21,B054,34.18,7.0,Saturday,239.26
2023-07-10 15:13:29,B099,27.65,20.0,Monday,553.0
2023-12-14 12:17:53,B071,36.98,3.0,Thursday,110.94
2023-05-08 06:02:23,B009,36.09,80.0,Monday,2887.2000000000003
2023-08-22 13:35:54,B056,37.0,7.0,Tuesday,259.0
2023-04-28 13:45:46,B003,35.44,3.0,Friday,106.32
2023-07-14 17:31:13,B004,49.23,10.0,Friday,492.29999999999995
2023-07-14 05:47:34,B015,41.76,9.0,Friday,375.84
2023-08-24 10:40:25,B095,29.46,1.0,Thursday,29.46
2023-05-20 19:37:56,B085,12.49,4.0,Saturday,49.96
2023-06-08 16:01:10,B096,30.51,8.0,Thursday,244.08
2023-05-22 19:44:09,B071,15.56,10.0,Monday,155.6
2023-08-21 22:42:09,B072,13.8,60.0,Monday,828.0
2023-05-10 11:33:44,B002,6.61,5.0,Wednesday,33.050000000000004
2023-01-10 09:02:36,B001,9.5,6.0,Tuesday,57.0
2023-10-17 05:11:28,B034,10.22,6.0,Tuesday,61.32000000000001
2023-03-01 21:22:03,B067,12.4,10.0,Wednesday,124.0
2023-12-20 11:07:29,B076,22.2,2.0,Wednesday,44.4
2023-03-13 06:07:35,B007,30.23,50.0,Monday,1511.5
2023-04-13 17:40:52,B036,6.68,7.0,Thursday,46.76
2023-12-23 00:24:36,B093,30.26,3.0,Saturday,90.78
2023-10-26 15:44:43,B007,2.38,10.0,Thursday,23.799999999999997
2023-07-27 16:22:15,B005,15.96,5.0,Thursday,79.80000000000001
2023-12-28 12:37:53,B100,10.71,2.0,Thursday,21.42
2023-05-14 15:59:32,B083,32.27,1.0,Sunday,32.27
2023-01-11 23:47:57,B073,5.71,10.0,Wednesday,57.1
2023-06-07 08:28:05,B057,11.0,2.0,Wednesday,22.0
2023-04-11 09:05:12,B009,47.56,7.0,Tuesday,332.92
2023-09-14 01:17:31,B034,34.34,10.0,Thursday,343.40000000000003
2023-06-25 19:10:31,B005,34.11,2.0,Sunday,68.22
2023-04-13 17:33:48,B006,13.86,9.0,Thursday,124.74
2023-09-06 06:20:47,B007,14.52,9.0,Wednesday,130.68
2023-06-01 14:57:22,B085,10.25,9.0,Thursday,92.25
2023-05-09 19:19:47,B036,44.74,1.0,Tuesday,44.74
2023-05-24 16:41:59,B011,5.23,5.0,Wednesday,26.150000000000002
2023-08-13 10:32:14,B020,38.86,2.0,Sunday,77.72
2023-06-19 07:01:54,B063,12.09,70.0,Monday,846.3
2023-05-20 14:59:03,B046,12.38,1.0,Saturday,12.38
2023-10-17 18:33:21,B049,18.61,8.0,Tuesday,148.88
2023-08-10 06:14:19,B027,32.53,3.0,Thursday,97.59
2023-08-13 06:04:09,B002,49.59,2.0,Sunday,99.18
2023-11-10 17:33:07,B022,44.07,10.0,Friday,440.7
2023-04-14 20:22:52,B005,3.07,3.0,Friday,9.209999999999999
2023-09-24 17:27:30,B036,46.83,5.0,Sunday,234.14999999999998
2023-02-14 23:28:39,B043,23.42,10.0,Tuesday,234.20000000000002
2023-07-24 11:07:55,B010,49.18,100.0,Monday,4918.0
2023-02-05 20:18:52,B029,14.42,1.0,Sunday,14.42
2023-07-17 01:02:43,B080,28.25,30.0,Monday,847.5
2023-11-05 11:49:42,B097,9.74,9.0,Sunday,87.66
2023-01-05 06:32:17,B057,26.29,1.0,Thursday,26.29
2023-09-08 00:49:28,B037,43.13,3.0,Friday,129.39000000000001
2023-11-19 05:10:07,B062,44.14,7.0,Sunday,308.98
2023-02-20 07:38:10,B069,9.94,80.0,Monday,795.1999999999999
2023-10-04 10:56:30,B007,36.47,6.0,Wednesday,218.82
2023-01-20 01:04:36,B010,18.77,5.0,Friday,93.85
2023-05-28 11:07:35,B061,29.97,5.0,Sunday,149.85
2023-09-23 06:07:24,B001,19.04,7.0,Saturday,133.28
2023-04-30 13:28:31,B003,12.93,8.0,Sunday,103.44
2023-10-21 21:57:36,B008,45.72,1.0,Saturday,45.72
2023-10-21 02:32:34,B019,2.03,3.0,Saturday,6.09
2023-12-20 15:32:07,B014,28.44,10.0,Wednesday,284.40000000000003
2023-07-31 02:06:55,B085,18.97,30.0,Monday,569.0999999999999
2023-06-22 14:27:35,B055,34.71,6.0,Thursday,208.26
2023-07-27 21:41:14,B087,7.85,3.0,Thursday,23.549999999999997
2023-07-13 19:19:54,B010,22.34,5.0,Thursday,111.7
2023-10-16 07:12:46,B073,22.95,20.0,Monday,459.0
2023-08-19 20:46:08,B020,42.21,2.0,Saturday,84.42
2023-02-25 10:41:23,B047,28.05,2.0,Saturday,56.1
2023-06-15 06:41:16,B005,23.99,6.0,Thursday,143.94
2023-04-06 20:31:54,B006,24.81,2.0,Thursday,49.62
2023-09-02 10:26:24,B061,33.03,2.0,Saturday,66.06
2023-08-31 22:24:36,B031,6.45,5.0,Thursday,32.25
2023-02-18 21:41:24,B030,23.39,4.0,Saturday,93.56
2023-08-18 03:07:48,B032,17.04,5.0,Friday,85.19999999999999
2023-04-22 03:46:02,B082,14.93,6.0,Saturday,89.58
2023-01-04 09:06:36,B003,3.98,10.0,Wednesday,39.8
2023-04-23 04:26:14,B035,46.25,6.0,Sunday,277.5
2023-12-25 20:10:52,B041,48.63,80.0,Monday,3890.4
2023-02-09 13:02:47,B049,6.06,4.0,Thursday,24.24
2023-05-06 09:14:08,B082,27.89,6.0,Saturday,167.34
2023-01-14 23:46:23,B006,30.03,8.0,Saturday,240.24
2023-09-26 12:35:09,B003,42.83,9.0,Tuesday,385.46999999999997
2023-04-09 07:17:07,B085,33.52,3.0,Sunday,100.56
2023-02-20 08:35:05,B005,37.93,100.0,Monday,3793.0
2023-10-10 16:39:14,B006,14.95,2.0,Tuesday,29.9
2023-03-13 20:48:59,B030,1.56,70.0,Monday,109.2
2023-11-26 11:33:26,B058,19.79,2.0,Sunday,39.58
2023-11-18 23:22:30,B097,27.82,1.0,Saturday,27.82
2023-04-02 07:25:46,B043,25.74,1.0,Sunday,25.74
2023-09-27 19:25:04,B062,6.88,1.0,Wednesday,6.88
2023-07-19 12:11:45,B069,42.85,8.0,Wednesday,342.8
2023-01-25 03:02:49,B032,23.38,8.0,Wednesday,187.04
2023-09-10 01:12:41,B055,13.25,5.0,Sunday,66.25
2023-03-14 00:17:42,B093,28.39,4.0,Tuesday,113.56
2023-08-01 21:07:05,B008,13.31,8.0,Tuesday,106.48
2023-03-24 04:45:22,B020,29.57,2.0,Friday,59.14
2023-08-05 13:02:23,B037,15.88,9.0,Saturday,142.92000000000002
2023-09-17 21:45:19,B013,29.99,8.0,Sunday,239.92
2023-06-01 03:28:52,B014,2.74,1.0,Thursday,2.74
2023-08-21 19:31:53,B007,2.11,20.0,Monday,42.199999999999996
2023-11-27 12:29:17,B080,6.03,10.0,Monday,60.300000000000004
2023-02-18 18:34:25,B068,13.24,10.0,Saturday,132.4
2023-12-16 09:08:29,B095,33.12,9.0,Saturday,298.08
2023-11-23 04:32:09,B037,47.59,9.0,Thursday,428.31000000000006
2023-04-24 12:44:28,B014,40.73,90.0,Monday,3665.7
2023-02-01 19:16:58,B021,9.16,3.0,Wednesday,27.48
2023-11-03 04:50:27,B003,18.24,10.0,Friday,182.39999999999998
2023-06-19 04:39:22,B071,8.47,100.0,Monday,847.0000000000001
2023-02-19 19:26:06,B004,16.24,5.0,Sunday,81.19999999999999
2023-07-09 05:52:38,B074,27.47,3.0,Sunday,82.41
2023-09-03 06:46:18,B002,40.48,10.0,Sunday,404.79999999999995
2023-01-10 19:56:37,B003,29.27,8.0,Tuesday,234.16
2023-12-01 20:58:53,B076,3.58,7.0,Friday,25.060000000000002
2023-10-31 22:39:31,B041,24.12,4.0,Tuesday,96.48
2023-01-25 07:48:40,B093,6.49,9.0,Wednesday,58.410000000000004
2023-06-18 06:08:43,B066,49.86,7.0,Sunday,349.02
2023-01-13 05:34:45,B060,20.2,2.0,Friday,40.4
2023-08-22 03:37:43,B033,33.42,1.0,Tuesday,33.42
2023-04-28 07:00:17,B057,49.33,7.0,Friday,345.31
2023-06-14 11:36:05,B086,4.9,1.0,Wednesday,4.9
2023-06-03 21:30:05,B004,17.66,7.0,Saturday,123.62
2023-03-15 00:52:00,B032,7.18,8.0,Wednesday,57.44
2023-10-07 21:28:45,B020,31.42,3.0,Saturday,94.26
2023-02-22 06:48:05,B003,37.34,10.0,Wednesday,373.40000000000003
2023-05-06 16:36:29,B068,22.84,5.0,Saturday,114.2
2023-02-20 04:41:49,B073,8.08,20.0,Monday,161.6
2023-01-02 18:18:38,B059,45.86,50.0,Monday,2293.0
2023-01-21 22:39:37,B090,6.44,8.0,Saturday,51.52
2023-12-10 09:53:10,B056,31.49,9.0,Sunday,283.40999999999997
2023-05-10 18:36:00,B086,12.02,4.0,Wednesday,48.08
2023-07-10 06:16:24,B004,16.79,30.0,Monday,503.7
2023-10-24 01:37:27,B028,9.69,10.0,Tuesday,96.89999999999999
2023-09-19 04:45:23,B005,34.01,3.0,Tuesday,102.03
2023-02-16 07:58:00,B074,33.46,2.0,Thursday,66.92
2023-04-17 03:51:56,B035,18.74,90.0,Monday,1686.6
2023-08-10 02:17:09,B016,21.67,6.0,Thursday,130.02
2023-12-10 01:20:03,B008,17.85,3.0,Sunday,53.550000000000004
2023-08-01 04:06:26,B036,8.31,4.0,Tuesday,33.24
2023-10-02 19:07:22,B004,39.8,90.0,Monday,3581.9999999999995
2023-01-01 14:35:44,B010,10.04,6.0,Sunday,60.239999999999995
2023-08-29 20:06:54,B100,33.32,1.0,Tuesday,33.32
2023-06-28 14:45:24,B049,38.6,7.0,Wednesday,270.2
2023-04-30 21:16:38,B026,8.47,4.0,Sunday,33.88
2023-02-06 18:54:57,B079,20.54,80.0,Monday,1643.1999999999998
2023-02-24 04:51:26,B005,3.23,2.0,Friday,6.46
2023-05-06 02:18:58,B058,33.57,10.0,Saturday,335.7
2023-02-15 15:07:33,B095,45.99,9.0,Wednesday,413.91
2023-09-16 06:41:17,B071,10.0,8.0,Saturday,80.0
2023-09-22 21:08:16,B091,7.17,6.0,Friday,43.019999999999996
2023-08-18 18:33:21,B093,15.63,5.0,Friday,78.15
2023-11-04 12:27:32,B003,10.4,9.0,Saturday,93.60000000000001
2023-09-15 01:42:03,B010,46.88,2.0,Friday,93.76
2023-02-14 21:08:16,B073,26.07,9.0,Tuesday,234.63
2023-10-30 06:42:13,B054,41.81,70.0,Monday,2926.7000000000003
2023-09-13 23:09:03,B001,23.02,2.0,Wednesday,46.04
2023-06-07 07:04:14,B069,21.78,7.0,Wednesday,152.46
2023-02-24 04:03:32,B033,30.85,10.0,Friday,308.5
2023-10-06 12:06:12,B082,31.34,7.0,Friday,219.38
2023-04-10 15:51:52,B100,2.38,20.0,Monday,47.599999999999994
2023-10-13 09:05:24,B004,6.36,3.0,Friday,19.080000000000002
2023-07-25 13:53:16,B056,44.07,10.0,Tuesday,440.7
2023-03-14 19:02:29,B095,43.49,6.0,Tuesday,260.94
2023-10-26 11:33:13,B036,48.55,6.0,Thursday,291.29999999999995
2023-05-11 16:28:30,B009,27.42,10.0,Thursday,274.20000000000005
2023-10-14 23:20:27,B004,49.37,7.0,Saturday,345.59
2023-09-09 15:21:26,B086,38.15,7.0,Saturday,267.05
2023-08-30 06:25:00,B048,48.28,5.0,Wednesday,241.4
2023-03-03 04:31:13,B087,25.53,1.0,Friday,25.53
2023-07-27 23:47:48,B032,43.22,4.0,Thursday,172.88
2023-04-01 00:56:15,B015,17.0,1.0,Saturday,17.0
2023-08-21 07:51:28,B039,4.63,60.0,Monday,277.8
2023-01-20 20:35:29,B002,36.56,3.0,Friday,109.68
2023-09-06 18:23:07,B021,49.13,10.0,Wednesday,491.3
2023-10-25 17:52:25,B029,18.92,3.0,Wednesday,56.760000000000005
2023-12-25 04:39:45,B002,1.5,10.0,Monday,15.0
2023-12-21 13:22:28,B056,25.18,4.0,Thursday,100.72
2023-12-17 18:24:44,B089,23.13,9.0,Sunday,208.17
2023-03-28 16:03:25,B017,32.98,8.0,Tuesday,263.84
2023-01-02 08:34:58,B065,36.42,90.0,Monday,3277.8
2023-10-11 18:23:20,B030,1.57,10.0,Wednesday,15.700000000000001
2023-12-22 06:04:40,B001,8.68,5.0,Friday,43.4
2023-10-20 17:42:07,B097,26.25,4.0,Friday,105.0
2023-05-21 10:28:23,B006,16.19,10.0,Sunday,161.9
2023-10-29 21:59:56,B035,31.07,7.0,Sunday,217.49
2023-11-14 09:49:20,B040,40.05,1.0,Tuesday,40.05
2023-07-20 08:14:08,B048,35.18,7.0,Thursday,246.26
2023-10-31 04:27:57,B054,45.34,10.0,Tuesday,453.40000000000003
2023-06-20 09:18:49,B055,19.21,4.0,Tuesday,76.84
2023-05-09 09:04:45,B001,6.54,5.0,Tuesday,32.7
2023-06-10 15:53:33,B069,30.16,2.0,Saturday,60.32
2023-10-29 01:59:04,B019,48.61,9.0,Sunday,437.49
2023-08-07 10:15:12,B077,5.14,50.0,Monday,257.0
2023-04-11 07:42:07,B031,33.67,4.0,Tuesday,134.68
2023-06-17 18:37:18,B094,28.8,6.0,Saturday,172.8
2023-03-05 15:30:23,B003,13.5,4.0,Sunday,54.0
2023-02-08 09:12:02,B029,48.13,6.0,Wednesday,288.78000000000003
2023-10-03 06:28:46,B041,1.79,10.0,Tuesday,17.9
2023-08-22 07:50:13,B048,43.65,1.0,Tuesday,43.65
2023-12-14 00:56:45,B087,21.79,3.0,Thursday,65.37
2023-12-01 10:00:34,B018,15.42,9.0,Friday,138.78
2023-10-28 18:20:58,B016,4.28,8.0,Saturday,34.24
2023-03-24 07:33:41,B057,28.08,8.0,Friday,224.64
2023-04-15 14:02:05,B028,29.09,5.0,Saturday,145.45
2023-07-09 22:29:42,B069,2.94,9.0,Sunday,26.46
2023-01-10 20:54:20,B005,17.86,1.0,Tuesday,17.86
2023-05-24 09:06:06,B007,48.79,5.0,Wednesday,243.95
2023-06-02 11:33:44,B043,40.78,2.0,Friday,81.56
2023-09-09 01:05:08,B003,13.05,6.0,Saturday,78.30000000000001
2023-09-27 18:46:21,B063,4.71,3.0,Wednesday,14.129999999999999
2023-06-19 02:19:10,B069,11.43,100.0,Monday,1143.0
2023-03-24 19:30:12,B056,29.06,3.0,Friday,87.17999999999999
2023-05-05 05:46:25,B087,14.3,6.0,Friday,85.80000000000001
2023-01-25 01:51:55,B053,14.64,4.0,Wednesday,58.56
2023-09-19 20:32:07,B074,41.59,5.0,Tuesday,207.95000000000002
2023-01-04 11:56:01,B076,45.47,3.0,Wednesday,136.41
2023-04-26 14:45:12,B052,38.5,6.0,Wednesday,231.0
2023-01-04 08:20:05,B098,20.72,8.0,Wednesday,165.76
2023-07-07 11:49:07,B022,13.05,9.0,Friday,117.45
2023-04-08 18:06:28,B077,39.04,5.0,Saturday,195.2
2023-07-29 22:21:13,B031,40.12,9.0,Saturday,361.08
2023-11-20 17:12:50,B001,17.02,20.0,Monday,340.4
2023-06-20 21:09:58,B093,40.1,3.0,Tuesday,120.30000000000001
2023-09-24 08:43:45,B025,44.4,4.0,Sunday,177.6
2023-03-06 02:24:33,B075,33.96,20.0,Monday,679.2
2023-07-28 06:33:37,B087,40.22,7.0,Friday,281.53999999999996
2023-07-16 11:58:54,B009,5.45,10.0,Sunday,54.5
2023-06-01 04:49:57,B033,23.6,1.0,Thursday,23.6
2023-08-04 18:05:21,B084,1.85,8.0,Friday,14.8
2023-04-03 16:47:27,B008,32.19,70.0,Monday,2253.2999999999997
2023-05-09 18:10:49,B071,24.11,1.0,Tuesday,24.11
2023-04-29 15:06:26,B017,31.15,9.0,Saturday,280.34999999999997
2023-08-12 15:02:38,B064,3.17,5.0,Saturday,15.85
2023-02-22 03:49:15,B001,34.09,8.0,Wednesday,272.72
2023-04-09 13:31:22,B005,48.7,5.0,Sunday,243.5
2023-02-20 15:14:44,B089,40.95,10.0,Monday,409.5
2023-07-09 13:54:06,B014,46.63,2.0,Sunday,93.26
2023-11-01 09:22:57,B006,15.6,3.0,Wednesday,46.8
2023-04-26 05:57:06,B087,5.12,7.0,Wednesday,35.84
2023-05-01 02:03:20,B027,17.46,50.0,Monday,873.0
2023-03-12 23:24:33,B045,28.76,1.0,Sunday,28.76
2023-02-07 13:34:31,B081,9.82,8.0,Tuesday,78.56
2023-08-16 02:24:01,B079,36.93,4.0,Wednesday,147.72
2023-03-12 06:49:28,B045,24.13,3.0,Sunday,72.39
2023-04-27 06:24:10,B003,48.88,1.0,Thursday,48.88
2023-09-09 02:56:42,B088,33.15,6.0,Saturday,198.89999999999998
2023-06-24 04:55:59,B076,45.44,8.0,Saturday,363.52
2023-11-07 04:26:00,B089,9.15,9.0,Tuesday,82.35000000000001
2023-09-01 06:43:13,B071,30.58,4.0,Friday,122.32
2023-12-26 05:08:58,B014,25.0,7.0,Tuesday,175.0
2023-09-10 04:26:20,B009,43.7,3.0,Sunday,131.10000000000002
2023-03-14 07:21:32,B010,10.64,2.0,Tuesday,21.28
2023-07-13 21:22:08,B078,33.03,4.0,Thursday,132.12
2023-02-21 10:59:38,B053,48.96,9.0,Tuesday,440.64
2023-06-23 11:14:37,B068,45.1,8.0,Friday,360.8
2023-11-22 04:21:59,B049,14.44,10.0,Wednesday,144.4
2023-06-26 11:10:59,B081,34.52,80.0,Monday,2761.6000000000004
2023-11-26 08:19:07,B042,5.46,5.0,Sunday,27.3
2023-12-09 18:39:19,B007,1.84,4.0,Saturday,7.36
2023-02-10 08:57:37,B065,6.78,2.0,Friday,13.56
2023-12-28 16:50:00,B084,48.34,6.0,Thursday,290.04
2023-11-23 04:38:29,B006,39.82,7.0,Thursday,278.74
2023-06-02 19:55:12,B004,19.63,5.0,Friday,98.14999999999999
2023-12-04 08:13:25,B070,4.75,90.0,Monday,427.5
2023-05-03 17:22:03,B007,21.82,7.0,Wednesday,152.74
2023-04-01 02:22:14,B008,33.64,4.0,Saturday,134.56
2023-02-01 12:38:40,B051,38.32,9.0,Wednesday,344.88
2023-03-16 20:41:05,B062,41.36,1.0,Thursday,41.36
2023-02-07 18:52:23,B002,5.33,9.0,Tuesday,47.97
2023-01-19 16:27:55,B048,3.05,7.0,Thursday,21.349999999999998
2023-06-05 02:41:48,B003,31.76,10.0,Monday,317.6
2023-02-14 19:32:29,B082,9.5,10.0,Tuesday,95.0
2023-08-05 01:39:20,B028,1.07,5.0,Saturday,5.3500000000000005
2023-03-11 08:52:09,B087,9.07,6.0,Saturday,54.42
2023-08-27 08:35:28,B009,31.28,1.0,Sunday,31.28
2023-03-27 17:18:32,B050,5.28,80.0,Monday,422.40000000000003
2023-07-04 21:40:11,B062,11.09,6.0,Tuesday,66.53999999999999
2023-08-26 21:27:19,B005,36.31,2.0,Saturday,72.62
2023-08-07 14:25:00,B001,6.24,100.0,Monday,624.0
2023-12-29 19:16:36,B016,7.82,2.0,Friday,15.64
2023-05-24 06:52:10,B031,14.88,5.0,Wednesday,74.4
2023-03-27 01:56:43,B091,19.72,80.0,Monday,1577.6
2023-09-13 22:14:03,B043,27.26,8.0,Wednesday,218.08
2023-05-06 07:05:38,B056,42.02,7.0,Saturday,294.14000000000004
2023-08-25 04:20:02,B064,22.35,2.0,Friday,44.7
2023-01-22 07:17:46,B003,38.06,7.0,Sunday,266.42
2023-04-26 00:43:29,B004,21.03,9.0,Wednesday,189.27
2023-01-27 07:48:29,B076,9.76,6.0,Friday,58.56
2023-12-28 05:12:28,B083,31.88,8.0,Thursday,255.04
2023-11-13 16:10:06,B091,47.04,90.0,Monday,4233.6
2023-05-11 00:24:11,B024,37.58,3.0,Thursday,112.74
2023-11-13 07:24:29,B037,47.64,90.0,Monday,4287.6
2023-10-08 09:47:16,B047,32.39,3.0,Sunday,97.17
2023-02-14 11:50:58,B074,28.87,2.0,Tuesday,57.74
2023-02-14 13:23:17,B023,13.56,2.0,Tuesday,27.12
2023-07-12 05:59:48,B001,20.54,4.0,Wednesday,82.16
2023-11-25 20:49:11,B022,43.58,5.0,Saturday,217.89999999999998
2023-05-15 15:53:38,B009,44.75,70.0,Monday,3132.5
2023-06-01 09:35:41,B076,23.16,3.0,Thursday,69.48
2023-03-28 07:21:12,B006,15.07,9.0,Tuesday,135.63
2023-07-22 14:14:46,B007,15.94,4.0,Saturday,63.76
2023-05-18 05:54:20,B074,32.8,6.0,Thursday,196.79999999999998
2023-09-02 17:09:33,B004,7.32,10.0,Saturday,73.2
2023-08-21 09:43:38,B091,41.34,10.0,Monday,413.40000000000003
2023-08-01 03:00:04,B026,32.46,2.0,Tuesday,64.92
2023-10-25 18:55:39,B054,15.04,2.0,Wednesday,30.08
2023-03-31 03:38:59,B001,24.36,6.0,Friday,146.16
2023-04-12 01:58:35,B042,17.73,5.0,Wednesday,88.65
2023-02-26 06:26:02,B006,21.57,6.0,Sunday,129.42000000000002
2023-04-10 01:15:37,B011,48.78,30.0,Monday,1463.4
2023-05-12 09:13:48,B099,5.09,6.0,Friday,30.54
2023-11-26 10:32:37,B048,3.66,5.0,Sunday,18.3
2023-09-21 12:26:16,B033,19.65,5.0,Thursday,98.25
2023-09-19 02:20:31,B082,10.61,8.0,Tuesday,84.88
2023-08-28 17:51:43,B028,19.65,50.0,Monday,982.4999999999999
2023-07-07 02:29:47,B021,23.01,8.0,Friday,184.08
2023-06-01 10:38:39,B045,19.61,2.0,Thursday,39.22
2023-07-18 15:30:16,B092,10.84,5.0,Tuesday,54.2
2023-03-13 00:09:50,B069,47.4,90.0,Monday,4266.0
2023-03-16 06:48:02,B043,25.93,5.0,Thursday,129.65
2023-01-05 03:31:50,B007,20.75,8.0,Thursday,166.0
2023-09-02 10:32:32,B010,4.28,1.0,Saturday,4.28
2023-03-02 19:45:05,B041,26.19,5.0,Thursday,130.95000000000002
2023-02-08 08:03:39,B041,33.01,3.0,Wednesday,99.03
2023-10-22 13:11:43,B019,49.85,2.0,Sunday,99.7
2023-01-20 11:56:51,B071,8.76,4.0,Friday,35.04
2023-04-13 23:02:48,B002,21.23,9.0,Thursday,191.07
2023-02-04 20:32:07,B005,14.2,10.0,Saturday,142.0
2023-07-19 14:16:39,B037,45.28,7.0,Wednesday,316.96000000000004
2023-01-28 19:01:18,B066,13.98,10.0,Saturday,139.8
2023-10-28 07:04:15,B005,46.07,8.0,Saturday,368.56
2023-05-28 18:40:08,B005,5.52,4.0,Sunday,22.08
2023-01-10 05:33:14,B095,46.08,7.0,Tuesday,322.56
2023-10-08 07:17:04,B002,46.97,7.0,Sunday,328.78999999999996
2023-01-11 14:54:25,B078,45.59,4.0,Wednesday,182.36
2023-04-29 23:29:30,B035,41.55,7.0,Saturday,290.84999999999997
2023-08-11 20:55:27,B074,45.64,7.0,Friday,319.48
2023-10-04 19:48:02,B029,35.94,2.0,Wednesday,71.88
2023-06-21 11:04:06,B049,24.22,2.0,Wednesday,48.44
2023-12-23 20:12:53,B032,49.89,10.0,Saturday,498.9
2023-11-09 04:19:48,B074,36.73,2.0,Thursday,73.46
2023-02-22 08:21:56,B093,6.4,2.0,Wednesday,12.8
2023-07-26 17:51:27,B096,12.61,10.0,Wednesday,126.1
2023-08-09 18:12:58,B090,19.07,5.0,Wednesday,95.35
2023-06-15 13:57:16,B070,36.57,5.0,Thursday,182.85
2023-06-18 02:53:01,B006,7.35,1.0,Sunday,7.35
2023-05-27 16:10:24,B001,14.86,6.0,Saturday,89.16
2023-12-17 18:41:48,B023,34.67,1.0,Sunday,34.67
2023-06-13 14:17:33,B096,38.98,5.0,Tuesday,194.89999999999998
2023-01-16 12:16:16,B067,35.94,90.0,Monday,3234.6
2023-01-26 10:20:18,B057,44.19,1.0,Thursday,44.19
2023-05-31 04:56:32,B039,16.04,5.0,Wednesday,80.19999999999999
2023-08-07 17:29:09,B061,21.03,50.0,Monday,1051.5
2023-10-29 09:45:32,B095,38.6,8.0,Sunday,308.8
2023-05-25 16:09:53,B055,17.09,3.0,Thursday,51.269999999999996
2023-10-10 10:54:32,B040,33.64,7.0,Tuesday,235.48000000000002
2023-05-18 22:25:14,B086,14.03,2.0,Thursday,28.06
2023-06-01 11:22:52,B098,44.11,6.0,Thursday,264.65999999999997
2023-03-14 05:27:52,B054,20.51,10.0,Tuesday,205.10000000000002
2023-11-26 12:24:17,B048,9.76,8.0,Sunday,78.08
2023-05-21 10:42:37,B069,3.02,7.0,Sunday,21.14
2023-02-13 05:28:28,B061,23.3,100.0,Monday,2330.0
2023-03-28 15:50:39,B008,19.37,9.0,Tuesday,174.33
2023-01-05 08:04:44,B088,11.5,6.0,Thursday,69.0
2023-06-10 17:30:47,B063,42.06,3.0,Saturday,126.18
2023-11-19 00:34:43,B067,13.9,10.0,Sunday,139.0
2023-01-04 23:12:56,B079,20.12,2.0,Wednesday,40.24
2023-02-10 16:54:39,B036,29.73,8.0,Friday,237.84
2023-04-20 01:01:22,B042,41.81,2.0,Thursday,83.62
2023-04-28 00:40:43,B091,20.83,6.0,Friday,124.97999999999999
2023-08-02 18:09:34,B055,24.43,10.0,Wednesday,244.3
2023-07-06 19:38:56,B072,38.78,5.0,Thursday,193.9
2023-06-05 16:04:19,B076,6.77,80.0,Monday,541.5999999999999
2023-01-01 05:30:15,B065,20.12,4.0,Sunday,80.48
2023-07-23 00:32:55,B009,19.1,4.0,Sunday,76.4
2023-11-09 18:05:08,B088,12.81,10.0,Thursday,128.1
2023-11-26 21:13:41,B001,39.31,2.0,Sunday,78.62
2023-01-08 14:26:21,B039,20.33,8.0,Sunday,162.64
2023-01-07 07:10:33,B082,45.35,10.0,Saturday,453.5
2023-10-26 18:56:00,B090,24.42,9.0,Thursday,219.78000000000003
2023-09-15 21:21:13,B008,37.58,7.0,Friday,263.06
2023-07-29 19:56:57,B007,16.81,2.0,Saturday,33.62
2023-09-18 20:34:43,B005,32.88,90.0,Monday,2959.2000000000003
2023-12-18 03:00:10,B040,47.77,60.0,Monday,2866.2000000000003
2023-11-17 03:39:47,B005,29.89,6.0,Friday,179.34
2023-03-13 10:38:32,B071,36.29,60.0,Monday,2177.4
2023-09-01 22:03:10,B100,46.6,7.0,Friday,326.2
2023-06-17 10:09:27,B006,1.52,1.0,Saturday,1.52
2023-11-03 01:14:00,B055,38.46,3.0,Friday,115.38
2023-11-04 20:56:11,B005,23.69,6.0,Saturday,142.14000000000001
2023-08-08 11:02:25,B007,39.45,2.0,Tuesday,78.9
2023-08-31 17:36:55,B095,19.79,8.0,Thursday,158.32
2023-10-11 21:53:24,B007,11.34,9.0,Wednesday,102.06
2023-11-21 14:32:40,B038,18.58,1.0,Tuesday,18.58
2023-06-25 09:08:19,B062,45.34,4.0,Sunday,181.36
2023-06-12 06:15:30,B057,1.9,40.0,Monday,76.0
2023-06-06 15:41:56,B089,22.67,4.0,Tuesday,90.68
2023-03-26 15:53:11,B042,23.73,10.0,Sunday,237.3
2023-03-30 09:08:40,B037,45.56,4.0,Thursday,182.24
2023-12-27 14:25:14,B099,42.27,9.0,Wednesday,380.43
2023-02-18 01:44:08,B017,29.15,8.0,Saturday,233.2
2023-06-02 07:08:50,B091,19.75,9.0,Friday,177.75
2023-03-11 11:04:47,B010,39.86,10.0,Saturday,398.6
2023-04-24 07:39:07,B093,8.05,30.0,Monday,241.50000000000003
2023-05-28 20:51:46,B077,4.63,5.0,Sunday,23.15
2023-08-27 02:33:18,B003,7.19,1.0,Sunday,7.19
2023-08-31 13:57:26,B072,5.23,4.0,Thursday,20.92
2023-05-28 09:10:42,B074,41.28,2.0,Sunday,82.56
2023-12-19 17:46:41,B008,13.48,10.0,Tuesday,134.8
2023-07-12 02:27:04,B027,26.84,3.0,Wednesday,80.52
2023-05-04 16:46:20,B025,10.05,7.0,Thursday,70.35000000000001
2023-05-26 06:45:03,B049,40.99,10.0,Friday,409.90000000000003
2023-04-11 07:01:11,B008,44.88,7.0,Tuesday,314.16
2023-11-28 18:24:41,B008,5.96,9.0,Tuesday,53.64
2023-12-23 00:23:43,B058,15.27,7.0,Saturday,106.89
2023-04-15 13:17:13,B021,37.28,4.0,Saturday,149.12
2023-05-17 00:05:03,B039,24.71,7.0,Wednesday,172.97
2023-03-22 03:09:49,B050,14.3,2.0,Wednesday,28.6
2023-03-13 05:12:04,B069,10.39,40.0,Monday,415.6
2023-06-18 03:53:40,B027,30.15,6.0,Sunday,180.89999999999998
2023-10-11 04:27:08,B001,32.97,8.0,Wednesday,263.76
2023-01-07 20:10:12,B088,39.92,8.0,Saturday,319.36
2023-06-18 09:41:35,B018,41.67,9.0,Sunday,375.03000000000003
2023-04-17 02:23:00,B005,10.31,60.0,Monday,618.6
2023-06-27 04:12:08,B095,10.7,7.0,Tuesday,74.89999999999999
2023-06-24 02:52:19,B026,4.03,6.0,Saturday,24.18
2023-10-09 05:02:23,B029,3.6,100.0,Monday,360.0
2023-02-02 10:56:03,B004,14.49,1.0,Thursday,14.49
