timestamp,product_id,unit_price,quantity
2023-03-31 01:33:22,B032,41.34,4.0
2023-11-04 14:54:13,B005,29.76,3.0
2023-03-04 10:34:50,B041,42.27,5.0
2023-03-22 12:48:40,B089,37.13,2.0
2023-01-12 19:33:45,B005,13.48,1.0
2023-02-28 19:09:41,B012,40.52,7.0
2023-03-22 01:47:47,B039,33.67,9.0
2023-07-25 17:37:41,B007,11.94,9.0
2023-11-08 17:38:21,B032,3.09,7.0
2023-05-30 20:13:02,B046,45.7,3.0
2023-10-30 21:46:15,B013,12.6,90.0
2023-01-29 07:38:46,B087,-46.14,8.0
2023-06-07 06:45:33,B100,41.47,1.0
2023-07-31 13:09:34,B008,10.7,
2023-01-21 05:30:52,B001,41.28,9.0
2023-11-18 18:02:29,B095,22.9,7.0
2023-11-15 05:56:56,B003,14.23,6.0
2023-06-04 08:18:00,B070,-29.71,7.0
2023-08-23 11:33:39,B007,13.83,7.0
2023-04-04 00:53:33,B027,24.92,9.0
2023-05-23 22:44:43,B048,14.63,6.0
2023-03-25 02:55:47,B029,48.86,
2023-06-21 04:58:21,B093,27.91,6.0
2023-03-14 18:38:43,B009,-43.01,10.0
2023-03-08 16:08:42,B037,18.9,9.0
2023-03-18 12:59:31,B009,36.63,10.0
,B088,16.34,
2023-09-06 08:58:05,B053,42.63,4.0
2023-10-23 02:24:27,B006,23.87,10.0
2023-06-09 13:03:56,B018,24.93,2.0
2023-01-28 06:13:25,B015,16.39,3.0
2023-05-16 03:31:40,B057,14.12,8.0
2023-07-15 02:31:50,B074,4.61,9.0
2023-07-31 15:10:37,B037,10.41,10.0
2023-07-05 21:05:41,B046,29.7,8.0
2023-07-09 14:34:38,B056,31.79,1.0
2023-01-24 13:36:29,B007,14.41,6.0
2023-05-29 15:41:26,B002,15.1,10.0
2023-08-16 17:27:16,B028,16.18,7.0
2023-06-05 21:02:45,B093,19.27,20.0
2023-05-18 16:37:51,B061,19.54,5.0
2023-06-15 11:44:19,B004,18.25,7.0
2023-10-11 12:42:11,B087,31.46,8.0
2023-03-10 14:43:23,B004,40.8,3.0
2023-11-24 00:02:37,B011,12.51,5.0
2023-06-21 10:05:16,B055,41.98,10.0
2023-09-21 08:31:52,B027,4.34,5.0
2023-12-19 17:15:21,B003,38.42,4.0
2023-06-02 18:38:16,B083,15.66,2.0
2023-12-13 06:42:09,B013,19.05,9.0
2023-03-22 12:23:05,B044,4.12,5.0
2023-12-22 14:56:32,B015,26.18,1.0
2023-12-11 09:54:23,B027,5.88,50.0
2023-10-23 13:33:07,B007,36.7,100.0
2023-10-20 05:27:47,B071,30.79,3.0
2023-08-06 12:07:35,B009,42.93,4.0
2023-10-31 05:20:37,B017,4.33,5.0
2023-10-13 08:03:28,B008,34.86,5.0
2023-04-13 01:06:35,B003,46.0,2.0
2023-05-08 10:00:51,B088,18.0,100.0
2023-01-07 03:40:51,B089,40.5,10.0
2023-09-08 13:41:42,B062,33.89,8.0
2023-12-17 08:55:22,B010,15.22,
2023-01-07 12:32:41,B017,42.62,6.0
2023-05-03 11:23:59,B077,9.14,1.0
2023-01-25 06:08:00,B078,49.07,
2023-08-12 01:09:46,B005,3.49,7.0
2023-05-21 05:27:47,B001,18.11,6.0
2023-09-23 21:48:31,B002,17.97,10.0
2023-04-07 22:37:50,B021,2.04,4.0
2023-01-09 16:24:15,B060,4.38,20.0
2023-11-01 22:22:24,B010,39.94,6.0
2023-01-24 23:50:13,B095,32.4,5.0
2023-02-23 01:37:18,B003,29.61,4.0
2023-04-20 10:05:02,B095,45.78,6.0
2023-06-01 14:31:53,B006,2.7,5.0
2023-12-03 06:32:44,B047,40.42,8.0
2023-03-11 04:03:20,B054,21.42,9.0
2023-10-09 10:51:46,B075,-44.68,20.0
,B086,15.56,
2023-03-28 11:42:52,B057,15.76,5.0
2023-10-14 15:20:45,B007,10.8,9.0
2023-12-05 15:23:59,B001,13.62,8.0
2023-04-15 01:37:53,B067,12.52,3.0
2023-11-25 02:40:00,B016,39.71,4.0
2023-09-17 15:19:50,B003,28.38,5.0
2023-04-09 17:12:37,B020,25.95,6.0
2023-02-25 18:49:42,B039,23.85,2.0
2023-11-30 19:50:22,B023,7.94,7.0
2023-06-24 09:42:22,B066,26.55,10.0
2023-03-17 12:12:42,B025,24.44,10.0
2023-02-23 00:19:13,B027,43.84,6.0
2023-11-09 21:39:27,B080,22.94,8.0
2023-02-09 23:02:21,B021,12.05,5.0
2023-07-22 05:57:47,B079,17.17,4.0
2023-04-27 05:57:40,B008,16.66,1.0
2023-12-07 07:50:13,B051,34.81,7.0
2023-05-16 18:43:48,B005,40.63,
2023-10-16 10:17:38,B080,11.4,80.0
2023-03-30 21:55:23,B073,7.07,5.0
2023-12-29 02:50:23,B061,14.36,10.0
,B024,6.0,
2023-09-08 18:17:30,B037,6.67,10.0
2023-03-03 08:01:20,B067,24.51,2.0
2023-06-17 00:46:31,B084,15.87,7.0
2023-03-28 00:42:52,B003,19.29,7.0
2023-06-14 12:32:13,B083,32.83,8.0
2023-11-17 19:10:30,B082,39.65,1.0
2023-08-06 03:33:15,B001,29.68,8.0
2023-05-18 16:00:43,B088,17.68,8.0
2023-10-31 07:44:03,B008,39.15,3.0
2023-06-30 09:48:40,B045,28.49,8.0
2023-06-04 13:21:57,B089,27.88,7.0
2023-02-07 08:53:51,B017,37.22,4.0
,B040,6.08,
2023-08-07 06:22:15,B064,9.46,100.0
2023-01-24 01:39:53,B095,22.03,10.0
2023-06-01 19:17:09,B065,34.0,6.0
2023-04-25 22:31:22,B061,18.72,2.0
2023-04-30 22:23:00,B013,49.35,5.0
2023-02-12 02:58:46,B066,12.41,8.0
2023-12-01 07:52:40,B065,8.49,10.0
2023-10-08 21:15:36,B013,21.59,1.0
2023-10-01 15:41:13,B005,48.88,5.0
2023-08-31 11:01:11,B041,34.54,5.0
2023-08-12 08:37:54,B030,27.37,8.0
2023-02-14 11:12:58,B024,32.07,9.0
2023-08-20 04:59:25,B007,43.76,1.0
2023-05-27 03:22:34,B025,39.22,9.0
2023-08-03 13:12:36,B055,8.41,6.0
2023-12-19 22:20:15,B002,39.93,1.0
2023-06-03 15:48:17,B029,5.34,10.0
2023-07-26 07:41:36,B082,48.67,8.0
2023-05-11 21:47:03,B026,22.69,
2023-07-15 13:20:17,B041,47.22,5.0
2023-10-26 21:32:15,B056,14.34,10.0
2023-03-16 14:49:54,B005,15.05,4.0
2023-01-28 04:20:25,B064,42.83,4.0
2023-08-30 19:30:49,B078,24.49,8.0
2023-01-21 15:18:47,B046,14.94,1.0
2023-07-18 04:26:27,B005,42.36,2.0
2023-01-21 10:47:24,B009,3.98,8.0
2023-09-02 13:11:51,B047,20.08,6.0
2023-02-18 06:28:19,B001,15.04,5.0
2023-01-06 10:06:21,B049,13.92,7.0
2023-02-02 19:36:27,B099,19.0,3.0
2023-11-28 10:22:36,B004,21.84,2.0
2023-08-18 19:22:28,B003,29.23,1.0
,B008,7.86,
2023-09-07 16:13:39,B085,20.62,8.0
2023-11-04 23:44:05,B065,46.53,5.0
2023-12-19 18:17:00,B008,11.44,2.0
2023-09-10 01:05:13,B024,10.71,6.0
2023-08-24 13:54:40,B098,6.15,9.0
2023-12-24 13:21:50,B008,35.84,5.0
2023-12-28 14:26:20,B004,33.18,10.0
2023-12-23 22:39:38,B005,26.89,6.0
2023-03-23 06:14:19,B072,25.53,6.0
2023-04-24 10:45:30,B100,46.63,
2023-10-27 02:13:30,B004,42.81,8.0
2023-01-17 01:34:59,B003,41.14,6.0
2023-04-14 03:47:57,B054,8.39,3.0
2023-06-14 04:41:49,B028,33.95,3.0
2023-11-08 00:27:19,B033,24.07,8.0
2023-09-14 02:10:00,B033,15.04,7.0
2023-11-21 19:53:13,B011,32.88,7.0
2023-04-11 11:48:15,B017,23.16,2.0
2023-06-06 08:29:34,B076,37.86,10.0
2023-12-10 19:34:38,B027,48.69,6.0
2023-05-26 15:30:53,B010,20.0,
2023-05-04 18:04:20,B048,12.72,7.0
2023-11-27 22:57:03,B098,14.69,40.0
2023-09-23 15:52:40,B009,19.97,7.0
2023-11-21 16:14:37,B005,7.08,6.0
2023-02-10 01:00:29,B009,38.98,2.0
2023-10-30 06:43:46,B092,6.9,50.0
2023-06-13 01:44:48,B003,41.19,1.0
,B018,4.47,
2023-04-09 08:33:41,B021,40.77,7.0
2023-10-17 18:09:12,B014,47.35,3.0
2023-02-07 20:23:28,B061,8.99,7.0
2023-02-07 04:08:53,B009,36.93,2.0
2023-05-25 14:58:06,B024,9.78,9.0
2023-06-02 06:30:32,B092,43.95,2.0
2023-12-11 15:03:02,B001,28.03,30.0
2023-11-17 00:25:05,B089,49.35,5.0
2023-12-12 08:17:47,B072,44.33,6.0
2023-03-08 04:56:21,B009,31.04,1.0
2023-04-17 19:38:15,B030,18.56,80.0
2023-11-21 17:29:41,B081,33.14,8.0
2023-06-22 15:57:25,B080,49.74,6.0
2023-12-03 13:31:28,B009,39.65,1.0
2023-03-18 15:11:11,B041,11.9,4.0
2023-05-27 12:53:08,B076,38.48,10.0
2023-01-26 12:39:10,B007,27.22,5.0
,B061,9.33,
2023-01-16 11:18:01,B008,49.12,80.0
2023-11-21 16:02:40,B070,32.28,4.0
2023-02-14 09:05:48,B050,-21.45,
2023-12-24 21:32:16,B005,31.08,2.0
2023-11-25 22:44:52,B001,29.03,8.0
2023-08-27 00:02:51,B003,8.61,5.0
2023-12-11 16:49:43,B067,5.13,20.0
2023-01-10 13:41:20,B076,19.19,3.0
2023-05-23 12:53:01,B010,2.05,7.0
2023-03-23 00:51:37,B008,46.54,10.0
2023-12-22 19:20:10,B072,42.64,8.0
2023-11-23 16:58:14,B002,1.72,3.0
2023-09-03 10:07:35,B072,9.34,7.0
2023-04-05 02:27:08,B003,4.5,4.0
2023-08-11 06:49:50,B003,34.5,10.0
2023-04-20 05:42:53,B006,46.93,6.0
2023-09-04 16:33:37,B088,26.28,60.0
2023-10-05 22:28:34,B092,34.68,7.0
2023-04-30 02:22:36,B004,6.72,2.0
2023-09-22 05:50:38,B024,43.36,6.0
2023-11-01 23:09:12,B008,47.31,10.0
2023-08-10 06:50:38,B016,19.53,1.0
2023-05-28 01:45:37,B062,15.5,5.0
2023-12-29 08:59:54,B014,11.56,9.0
2023-01-20 00:44:21,B006,13.35,6.0
2023-06-26 15:02:56,B056,3.26,50.0
2023-08-04 08:09:00,B068,25.63,5.0
2023-02-07 05:25:45,B010,34.57,6.0
,B006,13.07,
2023-03-08 17:46:37,B089,3.74,
2023-09-22 07:42:38,B011,22.55,10.0
2023-04-15 02:18:49,B059,17.94,5.0
2023-03-10 03:08:31,B011,26.5,4.0
2023-07-03 19:51:09,B003,19.95,70.0
2023-12-10 09:06:42,B022,10.5,5.0
2023-06-27 05:19:20,B002,32.23,4.0
2023-01-16 22:00:11,B054,40.56,100.0
2023-03-05 12:17:52,B005,14.29,4.0
2023-01-02 04:42:40,B017,34.15,90.0
2023-08-28 06:00:59,B089,36.28,100.0
2023-12-11 11:58:55,B009,28.02,40.0
2023-06-20 16:25:06,B073,31.95,4.0
2023-06-20 10:47:43,B019,33.43,6.0
2023-07-22 16:10:55,B027,16.45,7.0
,B081,32.65,
2023-12-14 05:51:18,B030,27.14,6.0
2023-03-18 02:59:44,B064,8.1,2.0
2023-10-30 04:25:09,B005,43.58,100.0
2023-01-20 04:56:01,B031,47.7,10.0
2023-09-05 11:47:00,B001,24.39,3.0
2023-04-27 20:17:05,B098,35.33,8.0
2023-03-19 23:45:23,B091,13.19,9.0
2023-11-03 02:24:52,B039,11.68,9.0
2023-07-24 12:00:38,B076,21.59,100.0
2023-10-05 12:03:13,B006,14.97,6.0
2023-07-06 20:31:13,B041,45.93,8.0
2023-12-28 20:05:55,B077,16.46,7.0
2023-09-30 18:17:57,B006,16.65,3.0
2023-08-24 17:41:37,B092,35.18,9.0
2023-05-11 15:53:08,B002,29.5,8.0
2023-03-09 03:07:02,B072,46.71,7.0
,B083,28.0,
2023-12-12 15:27:58,B043,16.43,6.0
2023-11-05 04:07:39,B042,18.19,9.0
2023-05-09 23:52:59,B040,6.28,
2023-05-22 07:34:08,B025,41.64,90.0
2023-10-25 14:18:14,B036,39.38,1.0
2023-04-10 14:02:21,B007,42.94,40.0
2023-07-29 15:46:14,B012,49.71,
2023-07-03 04:25:52,B010,18.55,80.0
2023-08-16 10:35:47,B010,37.74,4.0
,B018,-15.33,
2023-02-05 19:51:46,B044,19.55,8.0
2023-06-16 17:57:46,B019,5.97,10.0
2023-04-29 05:29:59,B070,49.52,9.0
2023-04-04 16:10:43,B001,22.85,7.0
2023-08-06 19:49:31,B007,1.05,7.0
2023-09-26 00:04:34,B090,9.05,2.0
2023-12-30 23:28:30,B062,17.16,2.0
2023-03-17 22:58:03,B063,47.5,1.0
2023-11-25 01:49:17,B026,25.19,7.0
2023-11-28 08:22:12,B004,39.74,7.0
2023-11-01 08:15:22,B001,31.5,1.0
2023-08-18 04:43:55,B002,19.95,5.0
2023-09-09 05:36:30,B086,10.89,4.0
2023-05-17 19:13:41,B086,47.36,
2023-03-09 11:01:27,B030,12.08,6.0
2023-01-13 07:46:30,B027,16.8,4.0
2023-08-17 21:47:22,B005,43.32,5.0
2023-05-20 13:27:45,B043,2.06,6.0
2023-04-04 15:17:07,B041,42.95,
2023-11-30 00:33:41,B037,9.14,10.0
2023-04-07 03:43:44,B014,26.99,8.0
2023-05-24 07:52:49,B009,-44.07,5.0
2023-06-24 10:16:43,B010,39.66,1.0
2023-02-18 15:25:15,B007,26.92,6.0
2023-07-01 04:33:12,B027,11.28,1.0
2023-04-06 23:06:39,B009,48.8,9.0
2023-09-04 22:51:11,B048,41.06,100.0
2023-04-20 21:12:42,B043,22.23,5.0
2023-02-27 06:07:31,B064,15.46,70.0
2023-12-09 23:00:40,B004,45.45,8.0
2023-05-29 22:28:47,B091,6.71,30.0
2023-09-04 20:18:58,B008,41.52,90.0
2023-09-24 03:32:37,B007,19.42,1.0
2023-07-05 09:17:33,B096,8.08,7.0
2023-01-17 09:39:34,B004,44.54,4.0
2023-11-25 01:40:08,B035,-28.05,10.0
2023-02-16 18:57:34,B008,12.46,5.0
2023-05-30 18:13:48,B090,11.91,5.0
2023-08-05 09:04:12,B050,36.17,4.0
2023-09-21 10:16:32,B030,18.37,10.0
2023-07-06 17:40:56,B056,41.7,2.0
2023-06-07 18:24:29,B049,38.11,6.0
2023-02-25 02:16:53,B057,25.44,8.0
2023-08-04 18:43:52,B002,9.43,1.0
2023-04-14 06:55:44,B057,33.89,1.0
2023-11-23 03:05:31,B086,29.87,7.0
2023-05-29 15:18:54,B029,3.25,70.0
2023-12-25 20:42:40,B054,31.06,10.0
2023-04-20 23:13:45,B044,10.64,
2023-05-15 17:15:25,B075,12.59,10.0
2023-10-26 11:37:05,B090,46.77,2.0
2023-05-13 23:14:02,B010,-5.03,5.0
2023-03-21 23:30:48,B065,10.95,7.0
2023-04-02 21:34:03,B055,18.61,
2023-06-11 07:18:06,B010,39.66,5.0
2023-10-14 17:32:26,B010,34.02,4.0
2023-03-26 16:23:49,B084,20.85,4.0
2023-02-01 09:58:51,B006,15.31,2.0
2023-11-11 14:16:31,B067,37.26,5.0
2023-08-30 12:49:01,B044,19.89,9.0
2023-12-01 19:13:34,B100,49.28,
2023-03-10 23:23:03,B032,37.06,3.0
2023-03-30 03:51:09,B065,49.96,3.0
2023-10-17 09:53:07,B080,13.57,10.0
2023-11-29 08:57:10,B006,15.34,9.0
2023-05-30 09:44:18,B098,2.42,6.0
2023-10-13 08:10:06,B001,20.43,9.0
2023-12-14 19:27:30,B084,19.05,1.0
2023-07-27 05:29:55,B053,29.53,3.0
2023-06-17 13:45:07,B002,39.2,2.0
2023-12-15 15:09:19,B076,17.68,
2023-09-22 06:27:50,B057,49.84,8.0
2023-04-27 12:04:59,B043,18.95,6.0
2023-03-23 13:01:21,B080,12.45,
2023-07-31 08:55:44,B004,14.46,30.0
2023-12-12 11:01:31,B015,42.94,10.0
2023-09-25 21:59:38,B055,43.78,40.0
2023-10-15 00:58:45,B086,13.72,3.0
2023-04-11 15:07:29,B003,21.39,
,B059,2.53,
2023-12-07 19:17:00,B017,30.16,2.0
2023-05-22 09:44:10,B093,34.53,80.0
2023-05-17 19:33:47,B052,26.79,4.0
2023-06-14 05:44:05,B080,29.85,
2023-07-23 23:18:59,B037,5.29,8.0
2023-06-03 22:18:03,B046,38.73,1.0
2023-10-22 00:40:18,B024,49.35,10.0
2023-12-07 16:24:10,B089,7.39,3.0
2023-12-09 21:02:10,B093,39.27,
2023-05-21 00:44:26,B070,16.87,6.0
2023-03-13 19:42:54,B072,17.54,30.0
2023-10-23 15:35:16,B066,27.93,30.0
2023-05-05 19:34:17,B094,6.45,7.0
2023-02-12 05:50:50,B091,4.62,
2023-03-20 20:30:50,B092,16.32,100.0
2023-08-01 07:38:35,B050,21.74,5.0
2023-01-30 23:55:45,B002,30.55,60.0
2023-08-18 00:17:29,B064,4.9,5.0
2023-07-30 11:24:56,B074,38.92,7.0
2023-05-03 06:24:45,B001,34.3,9.0
2023-07-31 21:35:28,B039,33.06,70.0
2023-01-12 07:30:08,B010,8.27,4.0
2023-12-26 16:00:14,B008,15.82,10.0
2023-02-05 13:49:55,B005,48.46,10.0
2023-10-14 01:35:09,B005,4.01,7.0
2023-05-29 04:59:32,B020,27.83,20.0
2023-01-03 19:22:53,B085,16.16,7.0
2023-08-30 02:19:19,B009,16.22,4.0
,B023,18.15,
2023-10-06 21:34:35,B067,31.64,6.0
2023-09-30 01:49:32,B088,13.97,1.0
2023-01-15 00:03:18,B081,4.16,6.0
2023-08-05 08:24:20,B086,18.84,3.0
,B003,47.67,
2023-05-20 11:13:01,B003,34.05,4.0
2023-02-01 08:51:46,B095,43.64,2.0
2023-11-09 08:08:50,B005,43.32,10.0
2023-08-27 21:44:19,B099,1.12,7.0
2023-03-29 10:11:04,B094,2.12,5.0
,B055,40.98,
2023-12-08 20:20:03,B031,20.59,7.0
2023-01-22 18:32:04,B033,13.03,5.0
2023-09-16 16:54:04,B088,19.38,2.0
2023-11-22 01:12:41,B013,4.97,6.0
2023-04-17 13:09:16,B019,40.76,40.0
2023-07-02 05:47:42,B036,30.37,2.0
,B040,6.47,
2023-06-28 21:24:52,B045,32.35,7.0
2023-07-20 05:32:11,B069,40.86,8.0
2023-09-19 22:48:36,B071,5.62,9.0
2023-02-04 11:05:15,B094,6.31,1.0
2023-09-09 16:45:11,B092,25.01,1.0
2023-07-26 01:11:15,B002,26.63,
2023-03-11 20:22:47,B004,38.58,1.0
,B092,37.29,
2023-07-06 18:46:38,B050,47.71,3.0
2023-08-19 14:38:18,B071,11.3,2.0
2023-03-17 09:22:01,B037,7.14,2.0
,B010,41.6,
2023-09-04 17:46:06,B058,19.03,90.0
2023-04-03 18:14:58,B007,47.97,80.0
2023-03-24 07:23:29,B063,31.44,1.0
2023-03-29 18:56:49,B012,35.11,9.0
2023-10-11 10:36:51,B006,23.62,4.0
2023-03-13 07:09:43,B040,40.37,
2023-02-05 04:47:00,B010,21.07,2.0
2023-06-30 08:57:05,B027,35.44,8.0
2023-11-19 16:56:06,B042,40.98,8.0
2023-01-08 11:51:51,B006,28.52,4.0
2023-01-24 23:29:40,B088,10.81,1.0
,B060,35.18,
2023-01-04 12:18:30,B017,10.61,9.0
2023-11-10 16:30:45,B050,45.36,5.0
2023-03-02 11:23:09,B039,7.59,5.0
2023-03-16 02:01:00,B077,8.81,8.0
2023-08-23 04:22:11,B005,33.61,1.0
2023-08-12 21:33:01,B053,43.13,3.0
2023-07-19 16:36:39,B008,9.96,4.0
2023-03-06 12:31:09,B089,34.03,70.0
2023-01-07 17:22:25,B044,26.24,1.0
2023-08-29 23:58:06,B009,28.88,3.0
2023-07-12 15:36:01,B058,42.29,9.0
2023-10-31 03:50:06,B013,17.19,10.0
2023-07-16 13:20:25,B023,5.66,4.0
2023-01-09 00:13:37,B096,38.41,30.0
2023-06-17 17:35:58,B003,38.15,4.0
2023-04-21 14:26:24,B066,25.48,2.0
2023-09-30 09:58:51,B024,42.22,10.0
,B024,2.33,
2023-12-27 11:36:27,B001,9.44,10.0
2023-07-19 13:55:59,B029,3.33,9.0
2023-04-29 08:17:31,B083,30.47,3.0
2023-05-11 13:20:18,B069,29.21,8.0
2023-11-13 20:38:30,B059,18.71,30.0
2023-03-29 08:47:55,B006,33.62,4.0
2023-05-20 23:18:12,B001,13.47,1.0
2023-09-21 21:39:45,B025,43.88,1.0
2023-10-12 17:11:28,B022,13.38,10.0
2023-06-06 11:47:57,B004,18.95,3.0
2023-05-17 09:25:11,B007,16.96,7.0
2023-08-03 20:03:44,B001,40.46,8.0
2023-05-23 22:38:17,B094,28.05,2.0
2023-01-19 09:12:30,B023,19.66,1.0
2023-04-29 03:31:01,B085,6.67,5.0
2023-11-29 14:37:54,B063,38.87,5.0
2023-04-11 23:10:16,B034,35.8,1.0
2023-11-14 18:18:16,B072,14.86,5.0
2023-08-08 02:53:46,B087,-12.82,8.0
2023-11-08 22:31:41,B075,37.89,2.0
2023-08-15 04:52:01,B008,29.15,1.0
2023-01-08 23:17:26,B091,3.46,3.0
2023-03-14 17:13:58,B006,42.5,1.0
2023-12-30 18:27:32,B004,34.59,1.0
2023-03-09 14:25:01,B092,32.87,2.0
2023-03-14 08:21:13,B043,31.3,2.0
,B041,15.58,
2023-05-21 05:30:01,B006,2.02,7.0
2023-07-07 11:23:48,B003,31.94,5.0
2023-07-03 06:45:48,B055,-36.43,40.0
2023-05-05 11:40:55,B002,1.96,10.0
2023-03-23 19:57:20,B005,7.75,7.0
2023-10-18 07:34:52,B095,33.06,5.0
2023-04-23 15:16:06,B083,15.61,7.0
2023-10-09 12:41:33,B005,33.3,60.0
2023-03-11 08:01:45,B059,15.53,8.0
2023-01-20 22:40:49,B100,22.1,9.0
,B093,-29.5,
2023-04-05 04:36:14,B050,5.82,4.0
2023-01-08 23:20:53,B044,1.78,7.0
2023-05-11 22:02:36,B031,42.74,4.0
2023-01-22 20:28:08,B057,35.64,1.0
2023-03-19 01:04:35,B029,38.91,10.0
2023-05-24 20:49:11,B051,48.53,4.0
2023-06-23 05:56:26,B096,3.61,1.0
2023-01-19 02:26:17,B081,39.8,10.0
2023-04-30 20:34:51,B093,43.21,3.0
2023-02-28 09:49:22,B030,28.64,1.0
2023-01-03 08:25:49,B049,27.87,10.0
2023-05-12 04:01:41,B003,24.65,5.0
2023-09-06 04:20:41,B004,35.64,8.0
2023-10-13 23:04:32,B097,13.95,3.0
2023-10-06 14:01:25,B008,32.19,3.0
2023-08-29 16:16:41,B014,39.05,5.0
2023-04-25 09:18:14,B094,1.11,7.0
2023-06-27 18:56:42,B079,41.77,8.0
2023-03-17 18:57:14,B044,43.29,10.0
,B082,39.61,
2023-09-13 23:15:55,B001,2.57,2.0
2023-05-12 23:56:20,B004,44.85,1.0
2023-05-11 08:17:31,B052,36.84,5.0
2023-05-25 18:47:12,B083,37.06,6.0
2023-02-02 15:33:58,B008,11.98,4.0
2023-11-26 21:09:59,B031,5.1,6.0
2023-06-16 21:43:23,B009,1.85,7.0
2023-02-27 02:28:03,B079,13.46,30.0
2023-07-14 13:56:52,B060,16.6,4.0
2023-03-31 00:08:23,B005,7.69,4.0
2023-01-17 14:42:09,B034,8.24,5.0
,B004,-12.08,
2023-03-10 20:54:27,B023,27.96,4.0
2023-10-20 02:20:19,B038,18.67,6.0
2023-04-27 04:29:11,B064,43.33,6.0
2023-07-12 20:36:23,B010,6.72,6.0
2023-10-26 03:31:38,B025,47.66,6.0
2023-04-11 03:02:18,B001,28.01,
2023-10-07 08:27:30,B085,38.07,6.0
2023-11-03 22:27:42,B017,32.42,8.0
2023-12-07 18:25:23,B052,47.35,7.0
2023-04-11 23:55:15,B009,39.13,4.0
2023-03-11 01:29:20,B088,41.79,2.0
2023-04-23 09:07:24,B002,1.67,
2023-11-11 03:43:21,B054,34.18,7.0
2023-07-10 15:13:29,B099,27.65,20.0
2023-12-14 12:17:53,B071,36.98,3.0
2023-05-08 06:02:23,B009,36.09,80.0
2023-08-22 13:35:54,B056,37.0,7.0
2023-04-28 13:45:46,B003,35.44,3.0
2023-07-14 17:31:13,B004,49.23,10.0
2023-07-14 05:47:34,B015,41.76,9.0
2023-08-24 10:40:25,B095,29.46,1.0
2023-05-20 19:37:56,B085,12.49,4.0
2023-06-08 16:01:10,B096,30.51,8.0
2023-05-22 19:44:09,B071,15.56,10.0
2023-08-21 22:42:09,B072,13.8,60.0
2023-05-10 11:33:44,B002,6.61,5.0
2023-01-10 09:02:36,B001,9.5,6.0
2023-10-17 05:11:28,B034,10.22,6.0
2023-03-01 21:22:03,B067,12.4,10.0
2023-12-20 11:07:29,B076,22.2,2.0
2023-03-13 06:07:35,B007,30.23,50.0
2023-04-13 17:40:52,B036,6.68,7.0
2023-12-23 00:24:36,B093,30.26,3.0
2023-10-26 15:44:43,B007,2.38,10.0
2023-07-27 16:22:15,B005,15.96,5.0
2023-12-28 12:37:53,B100,10.71,2.0
2023-05-14 15:59:32,B083,32.27,1.0
2023-01-11 23:47:57,B073,5.71,10.0
2023-06-07 08:28:05,B057,11.0,2.0
2023-04-11 09:05:12,B009,47.56,7.0
2023-09-14 01:17:31,B034,34.34,10.0
2023-03-17 04:27:45,B006,16.06,
2023-06-25 19:10:31,B005,34.11,2.0
2023-07-13 11:52:20,B075,34.0,
2023-04-13 17:33:48,B006,13.86,9.0
2023-09-06 06:20:47,B007,14.52,9.0
2023-12-15 08:16:52,B007,45.01,
2023-06-01 14:57:22,B085,10.25,9.0
2023-05-09 19:19:47,B036,44.74,1.0
,B001,6.16,
2023-05-24 16:41:59,B011,5.23,5.0
2023-08-13 10:32:14,B020,38.86,2.0
2023-06-19 07:01:54,B063,12.09,70.0
2023-05-20 14:59:03,B046,12.38,1.0
2023-10-17 18:33:21,B049,18.61,8.0
2023-08-10 06:14:19,B027,32.53,3.0
2023-08-13 06:04:09,B002,49.59,2.0
2023-01-07 15:53:56,B044,-41.55,5.0
2023-11-10 17:33:07,B022,44.07,10.0
2023-04-14 20:22:52,B005,3.07,3.0
2023-09-24 17:27:30,B036,46.83,5.0
,B013,35.77,
2023-02-14 23:28:39,B043,23.42,10.0
2023-07-24 11:07:55,B010,49.18,100.0
2023-02-05 20:18:52,B029,14.42,1.0
2023-07-17 01:02:43,B080,28.25,30.0
,B048,10.82,
2023-11-05 11:49:42,B097,9.74,9.0
2023-01-05 06:32:17,B057,26.29,1.0
2023-09-08 00:49:28,B037,43.13,3.0
2023-11-19 05:10:07,B062,44.14,7.0
2023-02-20 07:38:10,B069,9.94,80.0
2023-10-04 10:56:30,B007,36.47,6.0
2023-01-20 01:04:36,B010,18.77,5.0
2023-05-28 11:07:35,B061,29.97,5.0
2023-09-23 06:07:24,B001,19.04,7.0
2023-04-30 13:28:31,B003,12.93,8.0
2023-10-21 21:57:36,B008,45.72,1.0
2023-10-21 02:32:34,B019,2.03,3.0
2023-12-20 15:32:07,B014,28.44,10.0
2023-07-31 02:06:55,B085,18.97,30.0
2023-06-22 14:27:35,B055,34.71,6.0
2023-12-20 02:51:51,B009,-25.23,6.0
2023-09-16 03:06:37,B036,-32.49,1.0
2023-07-27 21:41:14,B087,7.85,3.0
2023-07-13 19:19:54,B010,22.34,5.0
2023-10-16 07:12:46,B073,22.95,20.0
2023-08-19 20:46:08,B020,42.21,2.0
2023-02-25 10:41:23,B047,28.05,2.0
2023-06-15 06:41:16,B005,23.99,6.0
2023-04-06 20:31:54,B006,24.81,2.0
2023-09-02 10:26:24,B061,33.03,2.0
2023-08-31 22:24:36,B031,6.45,5.0
2023-02-18 21:41:24,B030,23.39,4.0
2023-08-18 03:07:48,B032,17.04,5.0
2023-04-22 03:46:02,B082,14.93,6.0
2023-01-04 09:06:36,B003,3.98,10.0
2023-04-23 04:26:14,B035,46.25,6.0
2023-12-25 20:10:52,B041,48.63,80.0
2023-02-09 13:02:47,B049,6.06,4.0
2023-05-06 09:14:08,B082,27.89,6.0
2023-01-14 23:46:23,B006,30.03,8.0
2023-09-26 12:35:09,B003,42.83,9.0
2023-04-09 07:17:07,B085,33.52,3.0
2023-02-20 08:35:05,B005,37.93,100.0
2023-07-28 06:15:26,B067,-19.17,9.0
2023-10-10 16:39:14,B006,14.95,2.0
2023-03-13 20:48:59,B030,1.56,70.0
2023-04-04 05:34:26,B001,-42.15,6.0
,B027,12.97,
,B098,49.48,
2023-11-26 11:33:26,B058,19.79,2.0
2023-11-18 23:22:30,B097,27.82,1.0
2023-04-02 07:25:46,B043,25.74,1.0
2023-09-27 19:25:04,B062,6.88,1.0
2023-02-20 14:13:00,B002,1.18,
2023-07-19 12:11:45,B069,42.85,8.0
2023-01-25 03:02:49,B032,23.38,8.0
2023-09-10 01:12:41,B055,13.25,5.0
2023-03-14 00:17:42,B093,28.39,4.0
2023-08-01 21:07:05,B008,13.31,8.0
2023-03-24 04:45:22,B020,29.57,2.0
2023-08-05 13:02:23,B037,15.88,9.0
2023-09-17 21:45:19,B013,29.99,8.0
,B006,25.93,
2023-06-01 03:28:52,B014,2.74,1.0
2023-08-21 19:31:53,B007,2.11,20.0
2023-11-27 12:29:17,B080,6.03,10.0
2023-02-18 18:34:25,B068,13.24,10.0
2023-12-16 09:08:29,B095,33.12,9.0
2023-11-23 04:32:09,B037,47.59,9.0
,B077,26.0,
2023-04-24 12:44:28,B014,40.73,90.0
2023-02-01 19:16:58,B021,9.16,3.0
2023-11-03 04:50:27,B003,18.24,10.0
2023-05-26 13:17:08,B017,15.02,
2023-06-19 04:39:22,B071,8.47,100.0
,B015,32.1,
2023-02-19 19:26:06,B004,16.24,5.0
2023-07-09 05:52:38,B074,27.47,3.0
,B085,5.37,
2023-09-03 06:46:18,B002,40.48,10.0
2023-01-10 19:56:37,B003,29.27,8.0
2023-12-01 20:58:53,B076,3.58,7.0
2023-10-31 22:39:31,B041,24.12,4.0
2023-01-25 07:48:40,B093,6.49,9.0
2023-06-18 06:08:43,B066,49.86,7.0
2023-01-13 05:34:45,B060,20.2,2.0
,B048,42.51,
2023-08-22 03:37:43,B033,33.42,1.0
2023-04-28 07:00:17,B057,49.33,7.0
2023-06-14 11:36:05,B086,4.9,1.0
2023-06-03 21:30:05,B004,17.66,7.0
2023-03-15 00:52:00,B032,7.18,8.0
2023-10-07 21:28:45,B020,31.42,3.0
2023-02-22 06:48:05,B003,37.34,10.0
2023-05-06 16:36:29,B068,22.84,5.0
2023-02-20 04:41:49,B073,8.08,20.0
2023-01-02 18:18:38,B059,45.86,50.0
2023-01-21 22:39:37,B090,6.44,8.0
2023-12-10 09:53:10,B056,31.49,9.0
2023-05-10 18:36:00,B086,12.02,4.0
2023-07-10 06:16:24,B004,16.79,30.0
2023-02-10 01:00:29,B009,38.98,2.0
2023-10-24 01:37:27,B028,9.69,10.0
2023-09-19 04:45:23,B005,34.01,3.0
2023-02-16 07:58:00,B074,33.46,2.0
2023-04-17 03:51:56,B035,18.74,90.0
2023-08-10 02:17:09,B016,21.67,6.0
2023-12-10 01:20:03,B008,17.85,3.0
2023-08-01 04:06:26,B036,8.31,4.0
2023-10-02 19:07:22,B004,39.8,90.0
2023-01-01 14:35:44,B010,10.04,6.0
2023-08-29 20:06:54,B100,33.32,1.0
2023-06-28 14:45:24,B049,38.6,7.0
2023-04-30 21:16:38,B026,8.47,4.0
2023-02-06 18:54:57,B079,20.54,80.0
2023-02-24 04:51:26,B005,3.23,2.0
2023-05-06 02:18:58,B058,33.57,10.0
2023-02-15 15:07:33,B095,45.99,9.0
2023-09-16 06:41:17,B071,10.0,8.0
2023-09-22 21:08:16,B091,7.17,6.0
2023-08-18 18:33:21,B093,15.63,5.0
2023-11-04 12:27:32,B003,10.4,9.0
2023-12-26 08:42:14,B064,46.14,
2023-09-15 01:42:03,B010,46.88,2.0
2023-02-14 21:08:16,B073,26.07,9.0
2023-10-30 06:42:13,B054,41.81,70.0
2023-09-13 23:09:03,B001,23.02,2.0
2023-06-07 07:04:14,B069,21.78,7.0
2023-02-24 04:03:32,B033,30.85,10.0
,B041,17.77,
,B041,34.97,
2023-10-06 12:06:12,B082,31.34,7.0
2023-04-10 15:51:52,B100,2.38,20.0
2023-10-13 09:05:24,B004,6.36,3.0
2023-07-25 13:53:16,B056,44.07,10.0
2023-03-14 19:02:29,B095,43.49,6.0
2023-10-26 11:33:13,B036,48.55,6.0
2023-05-11 16:28:30,B009,27.42,10.0
2023-10-14 23:20:27,B004,49.37,7.0
2023-09-09 15:21:26,B086,38.15,7.0
2023-08-30 06:25:00,B048,48.28,5.0
2023-03-03 04:31:13,B087,25.53,1.0
2023-07-22 02:23:12,B004,48.45,
2023-07-27 23:47:48,B032,43.22,4.0
2023-04-01 00:56:15,B015,17.0,1.0
2023-05-08 19:26:24,B087,31.26,
2023-08-18 06:32:54,B062,44.23,
2023-08-21 07:51:28,B039,4.63,60.0
,B087,17.83,
2023-01-20 20:35:29,B002,36.56,3.0
2023-09-06 18:23:07,B021,49.13,10.0
2023-10-25 17:52:25,B029,18.92,3.0
2023-12-25 04:39:45,B002,1.5,10.0
2023-12-21 13:22:28,B056,25.18,4.0
2023-12-17 18:24:44,B089,23.13,9.0
2023-03-28 16:03:25,B017,32.98,8.0
2023-01-02 08:34:58,B065,36.42,90.0
2023-10-11 18:23:20,B030,1.57,10.0
2023-12-22 06:04:40,B001,8.68,5.0
2023-10-20 17:42:07,B097,26.25,4.0
,B025,4.89,
2023-05-21 10:28:23,B006,16.19,10.0
2023-10-29 21:59:56,B035,31.07,7.0
2023-11-14 09:49:20,B040,40.05,1.0
2023-02-18 11:24:38,B099,45.62,
2023-07-20 08:14:08,B048,35.18,7.0
2023-10-31 04:27:57,B054,45.34,10.0
2023-06-20 09:18:49,B055,19.21,4.0
2023-05-09 09:04:45,B001,6.54,5.0
2023-06-10 15:53:33,B069,30.16,2.0
2023-10-29 01:59:04,B019,48.61,9.0
2023-08-07 10:15:12,B077,5.14,50.0
2023-04-11 07:42:07,B031,33.67,4.0
2023-06-17 18:37:18,B094,28.8,6.0
2023-03-05 15:30:23,B003,13.5,4.0
,B007,24.72,
2023-02-08 09:12:02,B029,48.13,6.0
2023-12-26 18:45:01,B069,47.81,
2023-07-12 16:01:16,B009,12.81,
,B065,25.41,
2023-10-03 06:28:46,B041,1.79,10.0
,B086,15.56,
2023-08-22 07:50:13,B048,43.65,1.0
2023-12-14 00:56:45,B087,21.79,3.0
2023-12-01 10:00:34,B018,15.42,9.0
2023-10-28 18:20:58,B016,4.28,8.0
2023-03-24 07:33:41,B057,28.08,8.0
2023-04-15 14:02:05,B028,29.09,5.0
2023-07-09 22:29:42,B069,2.94,9.0
2023-01-10 20:54:20,B005,17.86,1.0
2023-05-24 09:06:06,B007,48.79,5.0
2023-06-02 11:33:44,B043,40.78,2.0
2023-09-09 01:05:08,B003,13.05,6.0
,B014,11.01,
2023-09-27 18:46:21,B063,4.71,3.0
2023-06-19 02:19:10,B069,11.43,100.0
2023-03-24 19:30:12,B056,29.06,3.0
2023-05-05 05:46:25,B087,14.3,6.0
2023-01-25 01:51:55,B053,14.64,4.0
2023-09-19 20:32:07,B074,41.59,5.0
2023-01-04 11:56:01,B076,45.47,3.0
2023-04-26 14:45:12,B052,38.5,6.0
2023-01-04 08:20:05,B098,20.72,8.0
,B025,8.47,
2023-07-07 11:49:07,B022,13.05,9.0
2023-04-08 18:06:28,B077,39.04,5.0
2023-05-05 20:23:26,B004,42.55,
2023-07-29 22:21:13,B031,40.12,9.0
2023-11-20 17:12:50,B001,17.02,20.0
2023-06-20 21:09:58,B093,40.1,3.0
2023-09-24 08:43:45,B025,44.4,4.0
2023-03-06 02:24:33,B075,33.96,20.0
2023-07-28 06:33:37,B087,40.22,7.0
2023-07-16 11:58:54,B009,5.45,10.0
2023-06-01 04:49:57,B033,23.6,1.0
2023-08-04 18:05:21,B084,1.85,8.0
2023-04-03 16:47:27,B008,32.19,70.0
2023-05-09 18:10:49,B071,24.11,1.0
2023-04-29 15:06:26,B017,31.15,9.0
2023-08-12 15:02:38,B064,3.17,5.0
2023-02-22 03:49:15,B001,34.09,8.0
2023-04-09 13:31:22,B005,48.7,5.0
2023-02-20 15:14:44,B089,40.95,10.0
2023-07-09 13:54:06,B014,46.63,2.0
2023-11-01 09:22:57,B006,15.6,3.0
2023-04-26 05:57:06,B087,5.12,7.0
2023-05-01 02:03:20,B027,17.46,50.0
2023-03-12 23:24:33,B045,28.76,1.0
2023-02-07 13:34:31,B081,9.82,8.0
2023-08-16 02:24:01,B079,36.93,4.0
2023-03-12 06:49:28,B045,24.13,3.0
2023-04-27 06:24:10,B003,48.88,1.0
2023-09-09 02:56:42,B088,33.15,6.0
2023-06-24 04:55:59,B076,45.44,8.0
2023-11-07 04:26:00,B089,9.15,9.0
2023-09-01 06:43:13,B071,30.58,4.0
,B008,7.26,
2023-08-12 15:02:38,B064,3.17,5.0
2023-05-09 04:20:10,B004,38.17,
2023-12-26 05:08:58,B014,25.0,7.0
2023-09-10 04:26:20,B009,43.7,3.0
2023-03-14 07:21:32,B010,10.64,2.0
2023-07-13 21:22:08,B078,33.03,4.0
2023-02-21 10:59:38,B053,48.96,9.0
2023-06-23 11:14:37,B068,45.1,8.0
2023-11-22 04:21:59,B049,14.44,10.0
2023-06-26 11:10:59,B081,34.52,80.0
2023-11-26 08:19:07,B042,5.46,5.0
2023-12-09 18:39:19,B007,1.84,4.0
2023-02-10 08:57:37,B065,6.78,2.0
2023-12-28 16:50:00,B084,48.34,6.0
2023-11-23 04:38:29,B006,39.82,7.0
2023-06-02 19:55:12,B004,19.63,5.0
2023-12-04 08:13:25,B070,4.75,90.0
2023-01-30 10:02:32,B005,22.39,
2023-05-03 17:22:03,B007,21.82,7.0
2023-04-01 02:22:14,B008,33.64,4.0
2023-05-23 01:42:59,B058,38.88,
2023-02-01 12:38:40,B051,38.32,9.0
2023-03-16 20:41:05,B062,41.36,1.0
2023-02-07 18:52:23,B002,5.33,9.0
2023-01-19 16:27:55,B048,3.05,7.0
2023-06-05 02:41:48,B003,31.76,10.0
2023-02-14 19:32:29,B082,9.5,10.0
2023-08-05 01:39:20,B028,1.07,5.0
2023-03-11 08:52:09,B087,9.07,6.0
2023-08-27 08:35:28,B009,31.28,1.0
,B083,46.42,
2023-03-27 17:18:32,B050,5.28,80.0
2023-07-04 21:40:11,B062,11.09,6.0
2023-08-26 21:27:19,B005,36.31,2.0
2023-01-01 08:47:23,B092,7.72,
2023-08-07 14:25:00,B001,6.24,100.0
2023-12-29 19:16:36,B016,7.82,2.0
2023-05-24 06:52:10,B031,14.88,5.0
2023-03-27 01:56:43,B091,19.72,80.0
2023-09-13 22:14:03,B043,27.26,8.0
2023-05-06 07:05:38,B056,42.02,7.0
2023-08-25 04:20:02,B064,22.35,2.0
2023-01-22 07:17:46,B003,38.06,7.0
2023-04-26 00:43:29,B004,21.03,9.0
2023-01-27 07:48:29,B076,9.76,6.0
2023-12-28 05:12:28,B083,31.88,8.0
2023-11-13 16:10:06,B091,47.04,90.0
2023-05-11 00:24:11,B024,37.58,3.0
2023-11-13 07:24:29,B037,47.64,90.0
2023-10-08 09:47:16,B047,32.39,3.0
2023-02-14 11:50:58,B074,28.87,2.0
2023-02-14 13:23:17,B023,13.56,2.0
2023-07-12 05:59:48,B001,20.54,4.0
2023-11-25 20:49:11,B022,43.58,5.0
2023-06-16 22:19:03,B005,18.61,
2023-05-15 15:53:38,B009,44.75,70.0
2023-06-01 09:35:41,B076,23.16,3.0
2023-03-28 07:21:12,B006,15.07,9.0
2023-07-22 14:14:46,B007,15.94,4.0
2023-05-18 05:54:20,B074,32.8,6.0
2023-09-02 17:09:33,B004,7.32,10.0
2023-08-21 09:43:38,B091,41.34,10.0
2023-08-01 03:00:04,B026,32.46,2.0
2023-10-25 18:55:39,B054,15.04,2.0
2023-03-31 03:38:59,B001,24.36,6.0
2023-04-12 01:58:35,B042,17.73,5.0
2023-02-26 06:26:02,B006,21.57,6.0
2023-04-10 01:15:37,B011,48.78,30.0
2023-05-12 09:13:48,B099,5.09,6.0
2023-11-26 10:32:37,B048,3.66,5.0
2023-09-21 12:26:16,B033,19.65,5.0
,B055,45.26,
2023-09-19 02:20:31,B082,10.61,8.0
2023-08-28 17:51:43,B028,19.65,50.0
2023-07-07 02:29:47,B021,23.01,8.0
2023-06-01 10:38:39,B045,19.61,2.0
2023-07-18 15:30:16,B092,10.84,5.0
2023-03-13 00:09:50,B069,47.4,90.0
2023-03-16 06:48:02,B043,25.93,5.0
2023-01-05 03:31:50,B007,20.75,8.0
2023-09-02 10:32:32,B010,4.28,1.0
2023-03-02 19:45:05,B041,26.19,5.0
2023-02-08 08:03:39,B041,33.01,3.0
2023-10-22 13:11:43,B019,49.85,2.0
2023-01-20 11:56:51,B071,8.76,4.0
2023-04-13 23:02:48,B002,21.23,9.0
2023-02-04 20:32:07,B005,14.2,10.0
2023-07-19 14:16:39,B037,45.28,7.0
2023-11-05 23:46:31,B034,46.34,
2023-01-28 19:01:18,B066,13.98,10.0
2023-10-28 07:04:15,B005,46.07,8.0
2023-05-28 18:40:08,B005,5.52,4.0
2023-01-10 05:33:14,B095,46.08,7.0
2023-10-08 07:17:04,B002,46.97,7.0
2023-01-11 14:54:25,B078,45.59,4.0
2023-04-29 23:29:30,B035,41.55,7.0
2023-08-11 20:55:27,B074,45.64,7.0
2023-10-04 19:48:02,B029,35.94,2.0
2023-06-21 11:04:06,B049,24.22,2.0
2023-12-23 20:12:53,B032,49.89,10.0
2023-11-09 04:19:48,B074,36.73,2.0
2023-02-22 08:21:56,B093,6.4,2.0
2023-07-26 17:51:27,B096,12.61,10.0
2023-08-09 18:12:58,B090,19.07,5.0
2023-06-15 13:57:16,B070,36.57,5.0
2023-06-18 02:53:01,B006,7.35,1.0
2023-05-27 16:10:24,B001,14.86,6.0
,B056,10.19,
2023-12-17 18:41:48,B023,34.67,1.0
2023-06-13 14:17:33,B096,38.98,5.0
2023-01-16 12:16:16,B067,35.94,90.0
2023-01-26 10:20:18,B057,44.19,1.0
2023-05-31 04:56:32,B039,16.04,5.0
2023-08-07 17:29:09,B061,21.03,50.0
2023-10-29 09:45:32,B095,38.6,8.0
2023-05-25 16:09:53,B055,17.09,3.0
2023-10-10 10:54:32,B040,33.64,7.0
2023-05-18 22:25:14,B086,14.03,2.0
,B055,47.0,
2023-01-02 08:58:59,B069,41.41,
2023-06-01 11:22:52,B098,44.11,6.0
2023-03-08 06:19:51,B052,40.79,
2023-03-14 05:27:52,B054,20.51,10.0
2023-11-26 12:24:17,B048,9.76,8.0
2023-05-21 10:42:37,B069,3.02,7.0
2023-02-13 05:28:28,B061,23.3,100.0
2023-03-28 15:50:39,B008,19.37,9.0
2023-01-05 08:04:44,B088,11.5,6.0
2023-06-10 17:30:47,B063,42.06,3.0
2023-11-19 00:34:43,B067,13.9,10.0
2023-01-04 23:12:56,B079,20.12,2.0
,B061,26.81,
2023-02-10 16:54:39,B036,29.73,8.0
2023-04-20 01:01:22,B042,41.81,2.0
,B047,38.31,
2023-04-28 00:40:43,B091,20.83,6.0
2023-08-02 18:09:34,B055,24.43,10.0
2023-07-06 19:38:56,B072,38.78,5.0
2023-06-05 16:04:19,B076,6.77,80.0
2023-01-01 05:30:15,B065,20.12,4.0
2023-07-23 00:32:55,B009,19.1,4.0
2023-11-09 18:05:08,B088,12.81,10.0
2023-11-26 21:13:41,B001,39.31,2.0
2023-01-08 14:26:21,B039,20.33,8.0
2023-01-07 07:10:33,B082,45.35,10.0
2023-10-26 18:56:00,B090,24.42,9.0
2023-09-15 21:21:13,B008,37.58,7.0
2023-05-25 14:58:06,B024,9.78,9.0
2023-07-29 19:56:57,B007,16.81,2.0
2023-09-18 20:34:43,B005,32.88,90.0
2023-12-18 03:00:10,B040,47.77,60.0
2023-11-17 03:39:47,B005,29.89,6.0
2023-01-09 11:22:03,B040,10.35,
2023-03-13 10:38:32,B071,36.29,60.0
2023-09-01 22:03:10,B100,46.6,7.0
2023-06-17 10:09:27,B006,1.52,1.0
2023-10-04 17:06:07,B006,43.26,
2023-11-03 01:14:00,B055,38.46,3.0
2023-11-04 20:56:11,B005,23.69,6.0
2023-08-08 11:02:25,B007,39.45,2.0
2023-08-31 17:36:55,B095,19.79,8.0
2023-10-11 21:53:24,B007,11.34,9.0
2023-11-21 14:32:40,B038,18.58,1.0
2023-06-25 09:08:19,B062,45.34,4.0
2023-06-12 06:15:30,B057,1.9,40.0
2023-06-06 15:41:56,B089,22.67,4.0
2023-03-26 15:53:11,B042,23.73,10.0
2023-03-30 09:08:40,B037,45.56,4.0
2023-12-27 14:25:14,B099,42.27,9.0
2023-02-18 01:44:08,B017,29.15,8.0
2023-06-02 07:08:50,B091,19.75,9.0
2023-03-11 11:04:47,B010,39.86,10.0
2023-04-24 07:39:07,B093,8.05,30.0
2023-05-28 20:51:46,B077,4.63,5.0
2023-09-15 21:21:13,B008,37.58,7.0
2023-08-27 02:33:18,B003,7.19,1.0
2023-08-31 13:57:26,B072,5.23,4.0
2023-05-28 09:10:42,B074,41.28,2.0
2023-12-19 17:46:41,B008,13.48,10.0
2023-07-12 02:27:04,B027,26.84,3.0
2023-05-04 16:46:20,B025,10.05,7.0
2023-05-26 06:45:03,B049,40.99,10.0
2023-04-11 07:01:11,B008,44.88,7.0
2023-11-28 18:24:41,B008,5.96,9.0
2023-12-23 00:23:43,B058,15.27,7.0
,B007,26.84,
2023-04-15 13:17:13,B021,37.28,4.0
2023-05-17 00:05:03,B039,24.71,7.0
2023-03-22 03:09:49,B050,14.3,2.0
2023-03-13 05:12:04,B069,10.39,40.0
2023-06-18 03:53:40,B027,30.15,6.0
2023-10-11 04:27:08,B001,32.97,8.0
2023-01-07 20:10:12,B088,39.92,8.0
2023-06-18 09:41:35,B018,41.67,9.0
2023-04-17 02:23:00,B005,10.31,60.0
2023-06-27 04:12:08,B095,10.7,7.0
2023-06-24 02:52:19,B026,4.03,6.0
2023-10-09 05:02:23,B029,3.6,100.0
2023-02-02 10:56:03,B004,14.49,1.0
